Hostname,IPv4
A10-JUR-AEC,10.10.12.5
A10-JUR-ASR,10.10.12.1
A10-JUR-ARG,10.10.12.20
A10-JUR-AGM,10.10.12.17
A10-JUR-AVJG,10.10.12.33
A10-CAD-BEAC,10.10.12.24
A10-JUR-CFRP,10.10.11.11
A10-JUR-CNL,10.10.11.15
A10-JUR-CJDO,10.10.11.126
A10-JUR-CFIT,10.10.11.16
A10-JUR-CPCJ,10.10.12.2
A10-JUR-DLC,10.10.12.4
A10-JUR-DPR,10.10.11.14
A10-JUR-DKMS,10.10.11.19
A10-JUR-EPBM,10.10.12.30
A10-JUR-EHM,10.10.12.31
A10-DAP-FPO,10.10.12.26
A10-JUR-FEGR,10.10.11.20
A10-JUR-FYRC,10.10.11.5
A10-JUR-GPQ,10.10.11.12
C10-JUR-SS15,10.10.12.43
C10-JUR-SS14,10.10.156.54
A10-JUR-GMMV,10.10.11.1
A10-CRE-HML,10.10.12.21
A10-JUR-HSG,10.10.12.9
A10-JUR-ILSR,10.10.12.11
A10-JUR-JGL,10.10.12.36
A10-CGT-JMBA,10.10.12.27
A10-JUR-JAAV,10.10.12.37
A10-JUR-JARV,10.10.12.7
A10-CRI-JAMH,10.10.12.34
A10-JUR-JMH,10.10.11.21
A10-JUR-KCRS,10.10.12.126
A10-CRI-LJBD,10.10.12.19
A10-JUR-LRSP,10.10.12.14
A10-JUR-MYCB,10.10.11.10
A10-JUR-MACA,10.10.12.16
A10-JUR-MARR,10.10.52.18
A10-CRI-NAMA,10.10.12.40
A10-JUR-OMR,10.10.10.12
A10-JUR-RQC,10.10.12.18
A10-ADM-RSL,10.10.11.6
A10-JUR-SGM,10.10.12.4
A10-JUR-TGA,10.10.12.41
A10-JUR-VCZ,10.10.12.6
A10-JUR-VFG ,10.10.12.25
A10-OIC-AEGL,10.10.21.16
A10-OIC-AEMN,10.10.22.55
A10-FEI-AERT,10.10.22.52
A10-ADM-ABP,10.10.101.4
A10-CIN-BBT,10.10.22.41
A10-ADM-DCR,10.10.101.11
A10-PLD-EMTS,10.10.22.23
A10-DCI-EPA,10.10.22.24
A10-CON-EAM,10.10.22.54
A10-SIS-JEGR,10.10.22.31
A10-PLD-ERDG,10.10.22.37
A10-CIN-EPC,10.10.22.39
A10-OIC-EBMR,10.10.22.26
A10-OIC-ELAM,10.10.22.21
A10-AUD-ECM,10.10.22.36
A10-ADM-FNCR,10.10.22.16
A10-AUD-GVA,10.10.22.1
A10-AUD-HAPC,10.10.21.17
A10-OIC-JVC,10.10.21.21
A10-DMV-JNHL,10.10.102.16
A10-DCI-JARM,10.10.22.4
A10-AUD-JGMR,10.10.22.13
A10-AUD-JMPG,10.10.22.11
A10-ADM-JLMM,10.10.22.14
A10-SIN-PGK,10.10.22.34
A10-CGC-LVVO,10.10.22.24
C10-SCI-SS02,10.10.153.37
A10-OIC-MLSM,10.10.22.22
A10-SIS-MAJM,10.10.22.35
A10-OIC-MSSM,10.10.22.29
A10-AUD-PCA,10.10.22.32
A10-AUD-SPVB,10.10.22.38
A10-OIC-SHR,10.10.21.2
A10-AUD-SOH,10.10.22.33
C10-AUD-SS04,10.10.152.180
C10-AUD-SS05,10.10.22.56
A10-DCI-VCCM,10.10.22.3
A10-PRN-ASM,10.10.32.55
A10-PRN-AVC,10.10.32.30
A10-CRE-ADGM,10.10.32.26
A10-PRN-ALFG,10.10.32.44
A10-PRN-FRAU,10.10.32.7
A10-PRN-AOM,10.10.32.61
A10-PRN-CACM,101.10.32.51
A10-DMV-CACM,10.10.32.29
A10-PRN-CAVL,10.10.32.31
A10-PRN-CNSP,10.10.32.71
A10-PRN-DSG,10.10.32.63
A10-PRN-DLJA,10.10.32.21
A10-PRN-ERG,10.10.32.73
A10-PRN-FSC,10.10.32.56
A10-PRN-IGS,10.10.32.10
A10-PRN-JBC,10.10.32.54
A10-PRN-JECG,10.10.32.28
A10-PRN-JMBM,10.10.32.14
A10-PRN-KFSG ,10.10.32.11
A10-PRN-LMAL,10.10.32.64
A10-PRN-MJMN,10.10.32.20
A10-PRN-MFH,10.10.32.41
A10-DIR-NEB,10.10.32.6
A10-PRN-NGCG,10.10.32.52
A10-CRE-ONV,10.10.32.40
A10-PRN-PRA,10.10.32.15
A10-PRN-SLOP,10.10.32.23
A10-DMV-SCS,10.10.32.9
A10-PRN-THV,10.10.32.70
A10-DMV-VRS,10.10.31.20
D10-PLA-AEGC,10.10.41.21
A10-PLA-AEGC,10.10.41.21
A10-FIN-AGPA,10.10.41.5
A10-CON-ALRG,10.10.42.8
A10-CON-AMC,10.10.42.26
A10-PLA-BEGM,10.10.42.48
C10-ADM-BAS,10.10.42.39
C10-KIO-INSL,10.10.41.40
KIO-TSN,10.10.42.1
A10-ADM-BAS,10.10.42.71
A10-FEI-CMA,10.10.41.2
A10-FIN-PFD,10.10.42.115
B10-PLA-ERTC,10.10.42.21
A10-FIN-EMLN,10.10.62.17
A10-CON-EVR,10.10.180.100
C10-REG-CONT,10.10.42.54
A10-CON-EPO,10.10.41.20
A10-FIN-EGLB,10.10.32.42
A10-FIN-EMCM,10.10.42.15
A10-CON-GECV,10.10.42.3
A10-CON-GHV,10.10.180.93
D10-KIO-IKOS,10.10.41.4
C10-FIN-PRES,10.10.42.4
A10-EST-GCTE,10.10.42.17
A10-FIN-GXR,10.10.42.58
A10-FIN-IRF,10.10.180.12
A10-FIN-ITB,10.10.42.27
A10-FIN-ICZ,10.10.42.2
A10-EST-ICB,10.10.42.49
A10-FIN-IEM,10.10.42.57
A10-CON-JMV,10.10.180.92
A10-FIN-LASS,10.10.42.41
A10-PLA-LEGV,10.10.42.40
A10-PLA-LFAM,10.10.42.32
A10-FIN-LMLS,10.10.42.20
A10-CON-MVO,10.10.42.31
A10-FIN-MAVT,10.10.42.23
C10-ADM-BAS1,10.10.42.23
A10-CON-MFF,10.10.41.19
A10-EST-MCDH,10.10.42.56
A10-FIN-MFGJ,10.10.41.1
A10-FIN-MHG,10.10.41.24
A10-FIN-MACP1,10.10.42.19
A10-FIN-MACP,10.10.42.19
A10-CON-OTR,10.10.180.101
A10-FIN-PMBM,10.10.42.42
A10-CON-RPF,10.10.42.34
A10-FIN-RMM,10.10.42.43
A10-FEI-RAER,10.10.42.1
A10-CON-SJMR,10.10.41.6
A10-FIN-YPA,10.10.42.6
A10-SUP-AAAA,10.10.52.2
A10-PYC-AAC,10.10.51.6
A10-CRE-AMPU,10.10.52.54
A10-SUP-AMG,10.10.52.58
A10-CRE-BML,10.10.52.28
A10-CRE-CSM,10.10.52.20
A10-CRE-CCS,10.10.51.17
A10-CRE-DMU,10.10.52.70
A10-CRE-DAMA,10.10.52.7
A10-CRE-DASL,10.10.52.126
A10-OCR-DAL,10.10.52.11
A10-CRE-DPLM,10.10.52.80
A10-CRE-EVP,10.10.52.76
A10-CRE-ELVR,10.10.52.66
A10-CRE-EMC,10.10.52.74
A10-CRE-FFG,10.10.52.63
A10-CRE-GOR,10.10.51.7
A10-CRE-GLR,10.10.52.3
A10-CRE-GPC,10.10.52.9
A10-OCR-GRM,10.10.52.60
A10-CRE-HGT,10.10.52.22
 A10-CRE-JMF,10.10.52.83
A10-SUP-JOT,10.10.52.4
A10-CRE-JASG,10.10.52.39
A10-CRE-JBZ,10.10.52.5
A10-CRE-JHCC,10.10.52.18
A10-COB-JICC,10.10.51.5
A10-CRE-JLRF,10.10.52.21
A10-CRE-JOM,10.10.52.59
A10-SUP-KMVL,10.10.51.15
A10-CRE-LZH,10.10.52.23
A10-OCR-LAO,10.10.51.13
A10-CRE-LGA,10.10.52.38
A10-CRE-LACA,10.10.52.47
A10-CRE-LLSV,10.10.52.6
A10-PRN-MELL,10.10.152.206
A10-SUP-MAGG,10.10.52.50
A10-CRE-MPGG,10.10.52.84
A10-CRE-MTOB,10.10.52.79
A10-OCR-MACM,10.10.52.68
A10-COC-MAPB,10.10.52.49
A10-CRE-MVT,10.10.51.11
A10-SUP-MGPG,10.10.71.122
A10-CON-MLGC,10.10.52.41
A10-SUP-MAAJ,10.10.52.5
A10-CRE-MAZG,10.10.52.8
A10-CRE-OJMZ,10.10.52.75
A10-CRE-PMPG,10.10.52.20
A10-CRE-RGV,10.10.52.10
A10-CRE-RMO,10.10.11.10
A10-PRN-RMCL,10.10.152.68
A10-PRN-SCA,10.10.52.65
A10-CRE-SLM,10.10.52.12
A10-CRE-SCGS,10.10.52.70
A10-CRE-SANR,10.10.52.40
A10-CRE-VRM,10.10.52.59
A10-OCR-VFCP,10.10.152.65
A10-CRE-VHT,10.10.52.55
A10-CRI-AGMA,10.10.62.52
A10-SIC-AVV,10.10.62.65
A10-CRI-AIAA,10.10.62.42
A10-PLA-AAEA,10.10.42.16
B10-FIN-AEC,10.10.62.49
A10-AUD-BAHV,192.168.100.27
A10-CGC-CPG,10.10.62.54
C10-CGC-CPG,10.10.102.34
A10-AUD-CESP,10.10.62.32
A10-CRE-CASM,10.10.52.16
A10-CRE-DRV,10.10.62.45
A10-FIN-EVC,10.10.62.29
A10-PRN-FRM,10.10.62.37
A10-PRN-GAAV,10.10.62.9
A10-PRN-IDCG,10.10.62.8
A10-CRE-GPC,10.10.62.6
B10-FIN-JAGS,10.10.61.20
A10-AUD-JEMH ,10.10.62.51
A10-SIC-JGJ,10.10.62.75
A10-PRN-JERN,10.10.61.24
A10-ARC-JLBS,10.10.62.35
C10-CRE-SS2,10.10.156.34
A10-PRN-KDOE,10.10.62.10
A10-SIC-KGOS,10.10.101.19
A10-SIC-MFGL,10.10.62.69
A10-PRN-MEDG,10.10.62.7
A10-FIN-MDSV,10.10.62.2
A10-AUD-MAER,10.10.62.16
A10-AUD-CLSM, 10.10.62.13
A10-CRE-OCV,10.10.62.3
D10-FIN-OSEA,10.10.161.93
A10-FIN-OSEA,10.10.161.93
A10-PRN-SMR,10.10.62.4
A10-ARC-SDAG,10.10.62.30
A10-FIN-YDM,10.10.62.5
A10-SIS-AAS,10.10.71.05
A10-SIS-ASA,10.10.72.33
A10-SIS-AGCD,10.10.72.31
A10-SIS-ASR,10.10.72.57
A10-ADM-AGD,10.10.72.47
A10-SIS-CAMS,10.10.71.19
A10-SIS-CAJ,10.10.72.12
A10-JUR-CGMA,10.10.72.70
A10-SIS-DRM,10.10.72.44
D10-SIT-TELECOM,10.10.72.90
B10-SIS-MICC,10.10.152.35
A10-SIS-EMB,10.10.72.30
B10-SIS-EMB,10.10.72.21
A10-SIS-CON10,"	172.16.78.196"
A10-SIS-CON09,172.16.78.182
A10-SIS-FVA,10.10.71.6
A10-ADM-FDL,10.10.72.82
A10-ADM-IGP,10.10.72.20
A10-ADM-JBMA,10.10.153.16
A10-ADM-JDJS,10.10.72.9
A10-SIS-JGCC,10.10.72.46
A10-SIS-AGL,10.10.71.11
A10-SIS-JLBS,10.10.72.50
D10-SIS-JJMR,10.10.72.16
A10-SIS-JJMR,10.10.71.3
D10-SIS-CHKL,10.10.72.121
D10-SHF-EMA,10.10.72.39
B10-SIS-JCAS,10.10.72.10
A10-SIS-JCAS,10.10.72.10
C11-SIS-CONT1,192.168.107.6
C11-SIS-CONT2,192.168.107.7
C11-SIS-CONT3,192.168.107.8
C11-SIS-CONT4,192.168.107.9
C11-SIS-CONT5,192.168.107.10
C11-SIS-CONT6,192.168.107.11
C11-SIS-CONT7,192.168.107.12
A10-SIS-MEG-1,192.168.107.13
C11-SIS-CONT8,192.168.107.13
C10-SIS-STI,10.10.71.52
C10-EXT-STE2,10.10.71.114
A10-SIS-KGFD,10.10.72.93
A10-SIS-LFGL,10.10.72.40
A10-JUR-GMMV,10.10.11.1
A10-SIS-MICC,10.10.72.11
A10-SIS-MEG,10.10.72.103
A10-SIS-MFM,10.10.72.3
A10-ADM-MAAM,10.10.72.81
A10-SIS-MRCH,10.10.72.18
A10-ADM-MSG,10.10.72.27
A10-ADM-MACR,10.10.72.24
A10-SIS-MALE,10.10.72.7
A10-SIS-OAV,10.10.71.10
D10-SIS-PMC,10.10.183.18
A10-SIS-PMC,10.10.71.4
A10-SIS-RMD,10.10.71.9
B10-SIS-RQU,10.10.72.80
A10-ADM-SMRC,10.10.72.124
A10-COC-VSV,10.10.72.25
A10-ADM-APG,10.10.82.55
A10-DIR-ARMR,10.10.81.41
A10-COC-ASSP,10.10.81.30
A10-ADM-ASAH,10.10.82.33
A10-CON-AMM,10.10.81.5
A10-ADM-AOV,10.10.82.39
A10-SIS-BNC,10.10.81.27
A10-COC-BLG,10.10.81.29
C10-CON-SIAC,10.10.82.51
A10-ADM-BYCR,10.10.152.80
A10-CON-CIFG,10.10.82.32
A10-ADM-CMU,10.10.82.28
A10-ADM-CDGR,10.10.82.42
A10-ADM-CAEV,10.10.82.65
C10-ADM-PRES,10.10.81.42
A10-ADM-SS18,10.10.152.229
A10-ADM-DBH,10.10.82.70
A10-ADM-ETR,10.10.82.7
A10-ADM-EMC,10.10.82.3
A10-ADM-EVA,10.10.81.6
A10-ADM-ENS,10.10.82.41
A10-ADM-FFS,10.10.81.75
A10-ADM-FJBM,10.10.82.15
A10-ADM-GIGH,10.10.82.14
A10-ADM-GOC,10.10.82.4
A10-CON-HMR,10.10.82.34
A10-CON-HRG,10.10.8235
A10-CON-JFC,10.255.254.135
A10-ADM-JAOV,10.10.82.54
A10-ADM-JGAB,10.10.82.56
A10-adm-jcsv,10.10.82.57
A10-ADM-JJMV,10.10.81.40
A10-ADM-JSG,10.10.81.16
A10-FIN-KVHO,10.10.82.16
A10-COC-LCV,10.10.81.3
A10-COC-LGVS,10.10.81.17
A10-ADM-LFM,10.10.82.47
A10-ADM-LGP,10.10.81.4
A10-ADM-LABN,10.10.81.43
A10-SIS-LRHS,10.10.81.22
A10-ADM-MAMV,10.10.81.54
A10-ADM-MRA,192.168.1.77
A10-COC-MLG,10.10.81.28
A10-JUR-MGCG,10.10.82.11
A10-COC-MIMM,10.10.81.26
A10-ADM-MMVM,10.10.82.58
A10-COC-MJCS,10.10.82.31
A10-ADM-MFS,10.10.82.53
A10-ADM-MJPR,10.10.88.43
A10-ADM-MKSN,10.10.82.28
A10-ADM-MRQ,10.10.82.74
A10-ADM-OSR,10.10.82.10
A10-COC-OEBR,10.10.81.20
A10-ADM-PHC,10.10.82.9
A10-ADM-RCMD,10.10.82.33
A10-COC-RCV,10.10.81.9
A10-ADM-RGCM,10.10.82.17
A10-ADM-SEGS,10.10.82.19
A10-CON-SAA,10.10.81.21
A10-ADM-SBB,10.10.82.38
A10-ADM-SS19,10.10.153.11
A10-ADM-SS20,10.10.152.137
A10-ADM-TFVS,10.10.82.5
A10-ADM-TMR,10.10.156.217
A10-ADM-VDM,10.10.81.43
A10-ADM-ZDR,10.10.82.20
A10-RIE-AGT,10.10.92.15
A10-RIE-ARH,10.10.92.17
B10-OCR-ADVE,10.10.92.19
A10-RIE-ANRB,10.10.92.38
A10-RIE-AVZT-1,10.10.92.58
A10-RIE-AKGM,10.10.32.11
A10-CON-AZR,10.10.92.32
A10-ADM-AGGG,10.10.91.35
A10-RIE-CGGR,10.10.92.13
A10-ADM-COMS,10.10.92.36
A10-RIE-CACG,10.10.92.51
C10-RIE-PRES,10.10.91.11
A10-CON-DSVV,10.10.91.9
A10-OCR-DMBV,10.10.92.48
A10-RIE-VPD,10.10.92.13
A10-RIE-EGFA,10.10.92.71
A10-OCR-EAH,10.10.92.37
D10-OCR-EAH,10.10.92.46
A10-OCR-EPP,10.10.92.8
A10-SMV-EBT,10.10.92.22
A10-RIE-EADR,10.10.91.14
A10-ADM-EGA,10.10.92.10
A10-ADM-FFV,10.10.52.65
A10-ADM-FHV,10.10.92.29
A10-CGE-GGL,10.10.92.51
A10-RIE-GLI,10.10.92.9
B10-OCR-HMMM,10.10.91.19
A10-SMV-HFGM,10.10.91.8
A10-RIE-JCG,10.10.92.18
B10-OCR-JSHH,10.10.91.17
A10-RIE-JVA,10.10.92.52
A10-RIE-KGST,10.10.92.1
A10-RIE-LMP,10.10.92.44
A10-RIE-LELM,10.10.92.26
A10-RVI-LACM,10.10.92.39
C10-RVI-SS01,10.10.156.184
A10-CRE-MSGB,10.10.91.2
B10-CRE-NGC,10.10.92.2
A10-ADM-MVVV,10.10.92.30
D10-ANM-MSM,10.10.92.16
A10-ANM-MSM,10.10.91.13
A10-RIE-MGZ,10.10.92.42
A10-COC-MASM,10.10.91.20
B10-ADM-MAVZ,10.10.91.6
D10-CRE-MLC,10.10.92.115
A10-CRE-MLC,10.10.91.34
C10-ANM-SS02,10.10.71.117
A10-RIE-VARI,10.10.92.20
A10-RIE-VHFN,10.10.92.40
A10-ARC-VMS,10.10.92.114
A10-ADM-YPA,10.10.92.3
D10-ADM-YPA,10.10.92.47
A10-SCV-AHC,10.10.102.15
A10-PRN-BPGV,10.10.32.58
A10-ADM-CCVF,10.10.102.28
A10-PRN-CEST,10.10.32.13
A10-CRE-CRL,10.10.102.104
A10-CRE-EDL,10.10.101.5
A10-DMV-EJAS,10.10.102.30
A10-CRE-EARF,10.10.102.29
A10-DMV-FPG,10.10.101.12
B10-ADM-GATN,10.10.62.27
A10-CRE-JCC,10.10.102.23
A10-OCR-JYFD,10.10.101.21
B10-DDM-JMD,10.10.62.23
A10-CRE-JAA,10.10.102.10
A10-DMV-JACP,10.10.102.38
A10-JUR-JCPS,10.10.102.21
A10-PRN-JDAM,10.10.32.11
A10-SCV-JLRS,10.10.102.12
A10-SCV-JAPM,10.10.101.14
A10-CRE-JZL,10.10.102.24
A10-PLA-KAML,10.10.102.33
A10-CRI-LDC,10.10.102.61
A10-CRE-LRB,10.10.101.8
C10-CRE-SS4,10.10.102.71
A10-FEI-LMRG,10.10.101.7
 A10-SCV-MLPY,10.10.101.23
A10-CRE-MQR,10.10.102.17
A10-CRE-MSA,10.10.102.7
A10-FIN-MPVT,10.10.101.18
A10-CRE-RTM,10.10.102.55
A10-ADM-MACM,10.10.102.32
A10-ADM-MMR,10.10.152.155
A10-SRG-NMM,10.10.102.11
A10-AER-RCD,10.10.102.6
A10-CRE-RDSC,10.10.101.16
A10-SCV-RAP,10.10.102.22
A10-SCV-SPMB,10.10.102.20
A10-PLA-SHM,10.10.102.37
A10-DMV-SVC,10.10.102.31
A10-SCV-SRG,10.10.102.56
A10-ADM-VEGO,10.10.101.17
A10-DIR-CGOR,10.10.111.9
A10-DIR-JAMS,10.10.152.140
A10-PLA-FGRG,10.10.111.10
C10-DIR-PRES,10.10.111.6
A10-PRN-TMVM,10.10.111.23
C10-CURSO-14,10.10.152.232
A10-CRE-WNP,10.10.111.8
A10-ADM-AKML-1,10.10.1.38
A10-ADM-AKML,10.10.1.22
C10-CONSULTAS,10.10.1.10
C10-EXT-DOC,10.10.22.12
A10-ADM-JCTC,10.10.1.16
A10-ADM-JAPZ,10.10.1.13
A10-ADM-LACA,10.10.1.44
C10-SEG-MANT,10.10.1.26
C10-MES-REP,10.10.1.40
A10-ADM-SPC,10.10.1.23
C10-ADM-RCP,10.10.1.41
C10-VIGILANCIA,10.10.1.34
C10-ADM-CSHF1,10.10.1.42
C10-ADM-CSHF2,10.10.1.43
C10-CON-THM,10.10.1.18
apt-app-pro-w01,10.192.0.193
pki-app-pro-w01,10.192.2.80
pki-app-pro-w02,10.192.2.74
ata-app-pro-w01,10.192.0.22
sic-app-pro-w02,10.192.0.53
sic-bdm-pro-w02,10.10.161.53
sic-app-des-w03,10.10.166.19
SIC-APP-PRU-W02,10.10.166.59
SHFEXCHG2K3,10.192.0.107
adc-dom-pro-w03,10.192.0.209
adc-dom-pro-w04,10.192.0.210
adc-dom-pro-w05,10.192.0.212
adc-dom-des-w01,10.10.132.43
SHFDC1,10.192.0.25
shfdc2,10.192.0.15
shfdc3,10.192.0.60
sic-app-pro-w01,10.192.2.44
SIS-SQL-PRU-W04,10.10.132.82
sic-app-pru-w01,10.10.166.49
chk-app-pro-w01,10.10.132.85
SHFCOG,10.192.0.144
shffnprod2,10.192.0.115
shffnprod1,10.192.0.114
SHFFNTEST1,10.192.0.113
fid-app-pro-w01,10.192.0.254
mdx-bdm-pro-w01,10.10.161.123
mdx-iis-pro-w01,10.192.2.38
mdx-rds-pro-w01,10.192.2.37
mdx-ser-pro-w01,10.10.161.137
mdx-app-pro-w01,10.192.2.36
mdx-app-pro-w02,10.192.2.52
sni-app-pro-w01,10.192.3.33
mdx-app-des-w02,10.10.166.11
mdx-app-pru-w01,10.10.166.26
mdx-app-pru-w02,10.10.166.29
mdx-bdm-des-w02,10.10.166.62
mdx-bdm-pru-w01,10.10.166.28
mdx-bdm-pru-w02,10.10.166.29
shf-eas,10.10.161.22
fil-sha-pro-w01,10.192.0.184
nfs-app-pro-s01,10.192.0.140
paginashf,192.168.103.7
sis-iis-pro-w01,10.192.3.3
sis-iis-pru-w01,10.10.132.106
sis-iis-des-w01,10.10.166.20
modulosfs,10.192.0.63
SharedFS,10.192.0.39
SIS-DFS-PRO-W01,10.192.2.30
sis-dfs-pro-w02,10.192.2.51
UsersFS,10.192.0.52
VOLANTESFS,10.192.0.55
nfs-app-des-s01,10.10.132.38
nfs-app-pru-s01,10.10.132.39
proyectosfs,10.192.0.54
sistemasfs,10.192.0.51
scv-bdm-pro-l01,10.10.161.175
sun-shf3-a,"10.10.161.30
10.10.161.33"
sun-shf2-a,"10.10.161.20
10.10.161.201"
ikc-app-pro-w01,10.192.0.16
ikc-bdm-pro-w01,10.10.161.10
ikc-app-des-w01,10.10.132.34
ikc-app-pru-w01,10.10.132.20
ikc-bdm-des-w01,10.10.132.35
ikc-bdm-pru-w01,10.10.132.12
ikn-app-pro-w02,10.192.3.45
ikn-bdm-pro-w01,10.10.161.11
ikn-app-pru-w01,10.10.132.18
ikn-bdm-des-w01,10.10.132.33
ikn-bdm-pru-w01,10.10.132.11
ikn-app-des-w01,10.10.132.32
SHFTESORERIA,10.192.0.74
SHFIKOSDESA,10.10.71.97
inc-app-pro-w01,10.192.2.21
INC-BDM-PRO-W01,10.10.161.120
INC-CPL-PRU-W01,10.10.166.36
kmi-app-pro-w01,10.192.2.48
KMI-BDM-PRO-W02,10.10.161.56
kmi-app-des-w01,10.10.166.14
kmi-app-pru-w01,10.10.166.37
kmi-bdm-des-w02,10.10.132.175
kmi-bdm-pru-w01,10.10.166.55
lad-app-pro-w01,10.10.161.140
lad-app-des-w01,10.10.166.15
lad-app-pru-w01,10.10.166.39
opm-app-pro-w01,10.10.165.17
pvc-app-pro-l02,192.168.105.181
SHFWUP,10.192.0.96
mma-app-pro-w01,10.192.3.81
abc-app-pro-w01,10.192.3.22
shf-myshfprod,10.10.161.50
shf-myshf,192.168.103.3
shf-myshfdes,10.192.0.123
fov-app-pro-w01,192.168.103.5
shp-wfe-pro-w01,10.192.3.54
shp-app-pro-w01,10.192.3.52
shp-app-pro-w02,10.192.3.53
shp-bdm-pro-w03,10.10.161.174
PCN-APP-PRO-W01,10.192.3.76
PCN-BDM-PRO-W02,10.10.161.203
srv-prc,10.192.0.84
rsk-app-pro-w01,10.192.2.35
RSK-BDM-PRO-W01,10.10.161.129
RSK-APP-DES-W01,10.10.132.178
SHFSPA,10.10.161.82
wre-app-pro-w01,10.192.2.40
wre-bdm-pru-w01,10.10.166.54
sco-gtw-pro-w04,10.192.0.23
sco-rms-pro-w02,10.192.2.22
sco-bdm-pro-w01,10.192.2.42
scm-app-pro-w02,10.192.2.77
scm-bdm-pro-w02,10.10.161.216
scv-app-pro-w01,10.192.2.50
scv-bdm-pro-w01,10.10.161.230
scv-app-pru-w01,10.10.166.44
scv-bdm-pru-w01,10.10.166.45
glb-app-drp-s01,10.10.161.131
sas-prod,10.10.161.38
sas-pru-des-s01,10.10.193.103
sas-desa,10.192.0.169
sas-glb-drp-s01,192.168.105.136
ogs-app-pro-w01,10.192.2.69
ogs-bdm-pro-w01,10.10.161.135
ogs-app-pru-w01,10.10.166.40
psa-app-pro-w01,10.192.3.23
pas-app-pru-w01,10.10.166.41
psa-app-des-w01,10.10.132.80
sim-app-pro-w01,10.192.3.34
psa-bdm-pro-w01,10.10.161.144
sev-app-pro-w02,10.192.3.85
hid-app-pru-l02,10.10.132.91
sma-app-pro-w01,192.168.103.44
sma-mon-pro-w01,10.192.2.76
SMA-BDM-PRO-W01,10.10.161.128
sma-mdb-pro-w01,10.10.161.173
sma-app-pru-w02,10.10.166.60
sma-bdm-pru-w02,10.10.166.52
syb-bds-pro-w01,10.10.161.101
SHFDES4,10.192.0.40
sun-consola2,10.192.0.90
sun-shf3-c,"10.10.161.31 
10.10.161.102
10.10.161.104"
shf-syb,10.10.161.7
SPE-BDM-PRU-W01,10.10.181.6
spe-bdm-pru-w02,10.10.72.43
SPE-CEP-PRO-W17,10.10.188.4
SPE-CEP-PRU-W01,10.10.181.4
SPE-CLI-PRO-W17,10.10.188.2
SPE-CLI-PRU-W01,10.10.181.2
SPE-WEB-PRO-W17,10.10.188.5
FIE-APP-PRO-W17,10.10.187.3
FIE-APP-PRU-W01,10.10.132.9
SPE-BDM-PRO-W17,10.10.188.6
SPE-MOI-PRO-W17,10.10.187.4
SPE-MOI-PRU-W01,10.10.132.8
SPE-WEB-PRU-W01,10.10.181.5
SHFPNET,10.10.72.74
SIS-SQL-PRO-W03,10.10.161.118
SIS-SQL-PRO-W05,10.10.161.124
sis-sql-pro-w06,10.10.161.145
sis-sql-pro-w07,10.100.100.4
sis-bdm-des-w01,10.10.132.13
SIS-NET1,10.10.62.67
sis-sql-des-w01,10.10.132.179
sis-sql-pru-w01,10.10.166.50
sis-sql-pru-w03,10.10.132.70
t24-preprod,10.10.161.55
t24-prod,10.10.161.54
t24-des-a,10.10.161.165
t24-des-b,10.10.161.162
t24-drp,192.168.105.166
t24-drp2,192.168.105.167
bi1-shp-pro-w01,10.192.2.53
bi1-shp-pro-w02,10.192.2.55
dwh-sql-pro-w01,10.10.161.130
dwh-sql-des-w01,10.10.132.125
S12-SIS-TEAMF,10.192.2.72
wso-app-des-s01,10.10.132.6
wso-app-pru-s01,10.192.0.79
wso-bat-des-s01,10.10.132.16
wso-bat-pru-s01,10.10.132.15
vis-app-pro-w01,10.10.161.185
shf-esb,10.192.0.78
shfesbbatch,10.192.0.168
sga-app-des-w03,10.10.132.177
sam-app-pro-w01,10.192.0.21
sgd-app-pro-w01,10.192.3.60
sgd-bdm-pro-w01,10.10.161.202
SCI-BDM-DES-W01,10.10.166.10
smg-app-des-w01,10.10.166.22
sqa-app-pru-w01,10.10.166.25
SPE-CLI-PRU-W03,10.10.181.7
exc-mbx-pro-w04,10.192.0.185
exc-mbx-pro-w05,10.192.0.186
exc-mbx-pro-w06,10.192.0.187
exc-cht-pro-w03,10.192.0.188
exc-cht-pro-w04,10.192.0.189
wpx-app-pro-w01,192.168.103.52
ads-app-pro-w01,10.192.0.233
SDJ-BDM-PRO-W01,10.192.2.120
SDJ-BDM-PRU-W01,10.10.132.150
dst-app-pro-w01,10.192.2.134
IMP-APP-PRO-W01,10.192.3.90
SPE-CLI-PRO-W18,10.10.188.7
wre-app-pru-w03,10.10.132.183
wre-bdm-pru-w03,10.10.132.184
fid-app-pru-w02,10.10.132.235
abc-app-pru-w01,10.10.166.43
adc-dom-pro-w11,192.168.105.245
adc-sis-pro-w11,192.168.105.183
ADM-NBK-PRO-W01,10.10.193.102
azc-app-pro-w02,10.192.3.77
dds-bdm-des-w01,10.10.132.46
dds-bdm-pru-w01,10.10.132.167
mon-apc-pro-w01,192.168.105.19
myshf-fn,10.192.3.21
pcn-app-pru-w01,10.10.132.40
pcn-app-qa-w01,10.10.132.156
pcn-bdm-pru-w01,10.10.132.58
sci-app-pro-w01,10.192.2.100
sci-bdm-pro-w01,10.10.161.45
sci-bdm-pru-w01,10.10.132.234
Sev-app-des-w03,10.10.132.231
sev-app-pru-w02,10.10.132.205
sga-app-pru-w02,10.10.132.204
shp-wfe-pro-w03,192.168.103.46
sic-app-des-w02,10.10.166.66
sis-sql-pru-w02,10.10.132.203
sis-sql-pru-w05,10.10.132.200
zap-pbi-des-w01,10.10.132.56
zap-pbi-pro-w01,10.192.3.78
zap-pbi-pro-w02,10.192.3.79
zap-pbi-pru-w01,10.10.132.67
zap-sql-des-w01,10.10.132.57
zap-sql-pro-w01,10.10.161.155
zap-sql-pro-w02,10.10.161.132
zap-sql-pru-w01,10.10.132.66
FID-BDM-PRO-W02,10.10.161.139
HVS-APP-PRO-W01,10.192.2.123
HVS-BDM-PRO-W02,10.10.161.206
PFI-APP-PRU-W03,10.10.186.2
WRE-BDM-DES-W01,10.10.166.157
wre-app-pro-w02 ,10.192.3.100
wre-bdm-pro-w01 ,10.10.161.234
wre-bdm-pro-w02 ,10.10.161.235
INF-APP-PRU-W01,10.10.132.122
INF-WFE-PRU-W01,10.10.132.123
INF-BDM-PRU-W01,10.10.132.121
NCM-APP-PRO-l02,10.10.165.217
HVS-BDM-PRO-W03,10.10.161.215
HVS-APP-PRO-W02,10.192.3.110
SIC-BDM-PRO-W03 ,10.10.161.214
ABC-BDM-PRO-W02,10.10.161.212
avi-app-pro-l01,10.192.0.246
bi1-shp-des-w01,10.10.132.124
MON-TEL-PRO-L01,10.10.172.6
WRE-BDM-PRU-W04,10.10.132.77
red-app-pro-l01,10.10.165.216
pfi-cfe-pru-w01,10.10.186.10
pfi-cfe-pru-w02,10.10.186.11
pfi-app-pro-w02,10.10.191.3
pfi-bdm-pro-w02,10.10.191.2
pfi-cfe-pro-w01,10.10.191.4
pfi-cfe-pro-w02,10.10.191.5
bi1-app-pro-w01,10.192.2.145
bi1-wfe-pro-w01,10.192.2.146
mcc-app-pru-w01,10.10.132.145
MCP-APP-PRU-W01,10.10.132.233
RSK-BDM-PRU-W01,10.10.132.201
sis-sql-pro-w08,10.10.161.79
MDX-IIS-DES-W01,10.10.132.217
SNI-BDM-DES-W01,10.10.132.218
MDX-APP-DES-W03,10.10.132.214
MDX-BDM-DES-W04,10.10.132.216
MCP-APP-PRO-W01,10.192.2.238
mdx-app-pru-w03,10.10.166.92
mdx-bdm-pru-w04,10.10.166.89
mdx-iis-pru-w01,10.10.166.91
mdx-sni-pru-w01,10.10.166.90
MON-BDM-PRO-W02,10.10.161.207
PKI-APP-PRO-W03,10.192.3.111
PKI-APP-PRO-W04,10.192.3.112
PKI-IIS-PRO-W01,10.192.3.113
sma-bdm-pru-w03,10.10.166.102
DSI-APP-PRU-W01,10.10.132.30
WSO-2AP-DES-W01,10.10.132.101
WSO-2BD-DES-W01,10.10.132.100
RSK-BDM-PRU-W02,10.10.132.26
RSK-APP-PRU-l01,10.10.132.201
DRF-BDM-DES-W01,10.10.132.68
pfi-bdm-pru-w01,10.10.132.95
SIS-HER-DBA-W02,10.10.132.41
sco-gtw-pro-w01,192.168.103.8
sco-rms-pro-w01,10.192.0.31
sco-rms-pro-w03,10.192.0.32
sco-bdm-pro-w02,10.10.161.12
FTP-IMO-PRO-W01,10.192.2.71
FTP-BST-PRO-W01,10.192.2.70
rsk-bdm-pro-w02,10.10.161.9
pbi-gtw-pro-w01,10.192.3.70
SHP-APP-PRO-W05,10.192.2.20
SHP-APP-PRO-W06,10.192.2.24
SHP-WFE-PRO-W05,10.192.2.23
SHP-WFE-PRO-W06,192.168.103.10
SHP-BDM-PRO-W04,10.10.161.15
SGC-RPS-PRO-W01,10.192.3.61
SGC-CPM-PRO-W01,10.192.3.62
SGC-PSM-PRO-W01,10.192.3.63
SGC-PSM-PRO-L01,10.192.3.115
SGC-PTA-PRO-L02,10.192.3.116
SHP-BDM-PRU-W01 ,10.10.166.12
?SHP-APP-PRU-W01 ,10.10.132.17
SHP-APP-PRU-W02 ,10.10.132.19
SHP-WFE-PRU-W01,10.10.132.23
SHP-WFE-PRU-W02,10.10.132.24
lif-app-des-s01,10.10.132.21
SSH@CORESW,10.10.10.126
SSH@SWPBMA,10.10.10.10
SSH@SWP1MA,10.10.10.11
SSH@SWP2MA,10.10.10.12
SSH@SWP3MA,10.10.10.13
SSH@SWP4MA,10.10.10.14
SSH@SWP5MA,10.10.10.15
SSH@SWP6MA,10.10.10.16
SSH@SWP7MA,10.10.10.17
SSH@SWP8MA,10.10.10.18
SSH@SWP9MA,10.10.10.19
SSH@SWP10MA,10.10.10.20
SSH@SWP11MA,10.10.10.21
SSH@SW12MA,10.10.10.22
OS6560_1G_Piso_2,10.10.10.76
ALCATEL_Piso_10,10.10.10.78
OS6560_1G_Tesoreria,10.10.10.79
ALCATEL_Piso_9,10.10.10.80
ALCATEL_Planta_Baja,10.10.10.81
ALCATEL_PISO_6,10.10.10.82
ALCATEL_Piso_7,10.10.10.83
ALCATEL_Piso_1,10.10.10.84
SHFFWLLFG500EID01INT01,10.10.143.6
SHFFWLLFG1500DID01LAN01,10.10.143.3
SHF,10.10.10.66
Piso 9 Adicional,10.10.10.30
AP15-7,10.10.10.31
RuckusAP,10.10.10.32
AP10-4,10.10.10.33
AP19-9,10.10.10.34
AP3-1,10.10.10.35
AP5-2,10.10.10.36
Piso7East,10.10.10.37
AP20-9,10.10.10.38
RuckusAP,10.10.10.39
RuckusAP,10.10.10.40
RuckusAP,10.10.10.41
RuckusAP,10.10.10.42
RuckusAP,10.10.10.43
AP Sala Piso 12,10.10.10.45
AP21-10,10.10.10.70
AP27-5,10.10.10.71
AP18-8,10.10.10.73
Piso6East,10.10.10.74
Piso1East,10.10.10.76
RuckusAP,10.10.10.77
P7 Oficina DTI,10.10.10.79
RuckusAP,10.10.10.85
AP9-4,10.10.10.86
AP4-1,10.10.10.87
OF DGA P1,10.10.10.88
RuckusAP,10.10.10.89
Piso2 East,10.10.10.90
RuckusAP,10.10.10.91
Piso6West,10.10.10.100
Piso9West,10.10.10.101
AP22-10,10.10.10.102
RuckusAP,10.10.10.103
AP25-8,10.10.10.104
RuckusAP,10.10.10.105
RuckusAP,10.10.10.106
AP13-6,10.10.10.107
RuckusAP,10.10.10.108
AP17-8,10.10.10.109
AP6-2,10.10.10.110
Piso1West,10.10.10.111
AP14-6,10.10.10.112
AP12-2,10.10.10.113
AP28-11,10.10.10.114
AP24-11,10.10.10.115
AP23-11,10.10.10.116
AP7-3,10.10.10.117
AP8-3,10.10.10.118
RuckusAP,10.10.10.120
RuckusAP,10.10.10.121
