PrivateHostName,PingStatusPrivateHostName,PrivateIPv4,PingStatusPrivateIPv4,PingStatus
,,200.77.238.201,NOT OK,NOT OK
,,200.77.238.200,NOT OK,NOT OK
,,200.77.238.203,NOT OK,NOT OK
,,200.77.238.204,NOT OK,NOT OK
,,200.77.238.218,NOT OK,NOT OK
,,200.77.238.206,NOT OK,NOT OK
,,200.77.238.217,NOT OK,NOT OK
,,200.77.238.202,NOT OK,NOT OK
,,200.77.238.216,NOT OK,NOT OK
,,200.77.238.207,NOT OK,NOT OK
,,201.159.83.14,NOT OK,NOT OK
,,189.204.208.102,NOT OK,NOT OK
,,201.159.83.7,NOT OK,NOT OK
,,201.159.83.33,NOT OK,NOT OK
,,201.159.83.34,NOT OK,NOT OK
,,201.159.83.9,NOT OK,NOT OK
,,201.159.83.9,NOT OK,NOT OK
,,201.159.83.27,NOT OK,NOT OK
,,201.159.83.28,NOT OK,NOT OK
,,201.159.83.16,NOT OK,NOT OK
,,201.159.83.25,NOT OK,NOT OK
,,189.204.208.101,NOT OK,NOT OK
,,201.159.83.18,NOT OK,NOT OK
,,201.159.83.9,NOT OK,NOT OK
