PrivateHostName,PrivateIPv4
5n3twx3stfp3w11,10.10.110.10
3n3twx3stfp3w11,10.10.110.11
9lvlwx3stfpbw11,10.10.110.12
725twx3stfp3w11,10.10.110.66
4pvlwx3stfp3w11,10.10.110.83
825twx3stfp9w11,10.10.115.7
,10.10.120.10
,10.10.120.11
,10.10.120.12
,10.10.120.13
,10.10.120.14
,10.10.120.15
,10.10.120.16
,10.15.1.126
,10.15.1.130
,10.15.1.253
,10.15.10.126
,10.15.10.130
,10.15.10.253
,10.15.101.120
,10.15.101.121
,10.15.101.122
,10.15.101.126
,10.15.101.130
,10.15.101.240
,10.15.101.252
,10.15.101.5
,10.15.101.5
,10.15.11.126
,10.15.11.130
,10.15.11.253
2lvlwx3batpbw11,10.15.110.6
4lvlwx3soapbw11,10.15.110.66
,10.15.12.126
,10.15.12.130
,10.15.12.253
,10.15.13.126
,10.15.13.130
,10.15.13.253
,10.15.14.126
,10.15.14.130
,10.15.14.253
,10.15.15.126
,10.15.15.130
,10.15.15.253
,10.15.16.126
,10.15.16.130
,10.15.16.253
,10.15.17.126
,10.15.17.130
,10.15.17.253
,10.15.18.126
,10.15.18.130
,10.15.18.253
,10.15.19.126
,10.15.19.130
,10.15.19.253
,10.15.2.126
,10.15.2.130
,10.15.2.253
,10.15.20.126
,10.15.20.130
,10.15.20.253
,10.15.21.126
,10.15.21.130
,10.15.21.253
,10.15.22.126
,10.15.22.130
,10.15.22.253
,10.15.23.126
,10.15.23.130
,10.15.23.253
,10.15.24.126
,10.15.24.130
,10.15.24.253
,10.15.25.126
,10.15.25.130
,10.15.25.253
,10.15.26.126
,10.15.26.130
,10.15.26.253
,10.15.27.126
,10.15.27.130
,10.15.27.253
,10.15.28.126
,10.15.28.130
,10.15.28.253
,10.15.29.126
,10.15.29.130
,10.15.29.253
,10.15.3.126
,10.15.3.130
,10.15.3.253
,10.15.30.126
,10.15.30.130
,10.15.30.253
,10.15.31.126
,10.15.31.130
,10.15.31.231
,10.15.31.232
,10.15.31.233
,10.15.31.253
,10.15.4.126
,10.15.4.130
,10.15.4.253
,10.15.5.126
,10.15.5.130
,10.15.5.253
,10.15.6.126
,10.15.6.130
,10.15.6.253
,10.15.7.126
,10.15.7.130
,10.15.7.253
,10.15.8.126
,10.15.8.130
,10.15.8.253
,10.15.9.126
,10.15.9.130
,10.15.9.253
,10.2.5.20
,10.2.5.21
,10.249.10.147
,10.249.10.147
,10.249.10.148
,10.249.10.149
,10.249.10.155
,10.249.10.156
,10.249.10.179
,10.249.10.179
,10.249.10.186
,10.249.10.187
,10.250.137.10
,10.250.137.11
,10.250.137.17
,10.250.137.18
,10.250.137.92
,10.250.38.10
,10.250.38.110
,10.250.38.114
,10.250.38.118
,10.250.38.126
,10.250.38.134
,10.250.38.138
,10.250.38.14
,10.250.38.162
,10.250.38.170
,10.250.38.174
,10.250.38.186
,10.250.38.190
,10.250.38.36
,10.250.38.37
,10.250.38.38
,10.250.38.39
,10.250.38.82
,10.250.38.86
,10.250.39.110
,10.250.39.114
,10.250.39.118
,10.250.39.122
,10.250.39.126
,10.250.39.130
,10.250.39.134
,10.250.39.150
,10.250.39.154
,10.250.39.163
,10.250.39.164
,10.250.39.165
,10.250.39.166
,10.250.39.82
,10.250.39.86
,10.250.40.110
,10.250.40.110
,10.250.40.14
,10.250.40.14
,10.250.40.162
,10.250.40.166
,10.250.40.174
,10.250.40.178
,10.250.40.66
,10.250.40.70
,10.250.40.78
,10.250.40.82
,10.250.41.1
,10.250.41.102
,10.250.41.105
,10.250.41.110
,10.250.41.118
,10.250.41.121
,10.250.41.126
,10.250.41.134
,10.250.41.14
,10.250.41.142
,10.250.41.145
,10.250.41.150
,10.250.41.153
,10.250.41.158
,10.250.41.166
,10.250.41.174
,10.250.41.177
,10.250.41.182
,10.250.41.190
,10.250.41.198
,10.250.41.206
,10.250.41.214
,10.250.41.22
,10.250.41.222
,10.250.41.230
,10.250.41.238
,10.250.41.241
,10.250.41.246
,10.250.41.30
,10.250.41.33
,10.250.41.38
,10.250.41.46
,10.250.41.49
,10.250.41.54
,10.250.41.6
,10.250.41.62
,10.250.41.70
,10.250.41.73
,10.250.41.78
,10.250.41.81
,10.250.41.86
,10.250.41.89
,10.250.41.94
,10.250.41.97
,10.250.43.126
,10.250.43.130
,10.250.43.134
,10.250.43.138
,10.250.43.142
,10.250.43.146
,10.250.43.150
,10.250.43.154
,10.250.43.158
,10.250.43.162
,10.250.43.166
,10.250.43.170
,10.250.43.174
,10.250.43.178
,10.250.43.182
,10.250.43.186
,10.250.43.190
,10.250.43.194
,10.250.43.198
,10.250.43.202
,10.250.43.206
,10.250.43.210
,10.250.43.214
,10.250.43.218
,10.250.43.222
,10.250.43.226
,10.250.43.230
,10.250.43.234
,10.250.43.238
,10.250.43.242
,10.250.43.246
,10.250.44.100
,10.250.44.116
,10.250.44.84
,10.250.44.92
,10.250.71.12
,10.250.71.2
,10.250.71.20
,10.250.71.28
,10.250.71.36
,10.250.71.6
,10.3.112.30
,10.3.112.41
,10.3.118.110
,10.3.118.110
,10.3.118.110
,10.3.118.110
,10.3.118.110
,10.3.118.111
,10.3.118.111
,10.3.118.111
,10.3.118.111
,10.3.118.112
,10.3.118.112
,10.3.118.112
,10.3.118.113
,10.3.118.113
,10.3.118.113
,10.3.118.113
,10.3.118.114
,10.3.118.114
,10.3.118.114
,10.3.118.115
,10.3.118.115
,10.3.118.115
,10.3.118.116
,10.3.118.116
,10.3.118.116
,10.3.118.116
,10.3.118.117
,10.3.118.118
,10.3.118.118
,10.3.118.118
,10.3.118.119
,10.3.118.119
,10.3.118.119
,10.3.118.120
,10.3.118.120
,10.3.118.121
,10.3.118.122
,10.3.118.123
,10.3.118.123
,10.3.118.124
,10.3.118.124
,10.3.96.100
,10.3.96.101
,10.3.96.109
,10.3.96.111
,10.3.96.15
,10.3.96.22
,10.3.96.25
,10.3.96.27
,10.3.96.32
,10.3.96.45
,10.3.96.54
,10.3.96.81
,10.3.96.84
,10.3.96.95
,10.3.96.96
,10.3.96.97
,10.3.97.1
,10.3.97.2
,10.3.97.3
,10.4.10.3
,10.4.30.100
,10.4.30.101
,10.4.30.102
,10.4.30.103
,10.4.30.104
,10.4.30.105
,10.4.30.106
,10.4.30.107
,10.4.30.108
,10.4.30.109
,10.4.30.110
,10.4.30.111
,10.4.30.112
,10.4.30.113
,10.4.30.114
,10.4.30.115
,10.4.30.116
,10.4.30.117
,10.4.30.118
,10.4.30.119
,10.4.30.12
,10.4.30.120
,10.4.30.121
,10.4.30.122
,10.4.30.123
,10.4.30.124
,10.4.30.125
,10.4.30.126
,10.4.30.127
,10.4.30.128
,10.4.30.129
,10.4.30.13
,10.4.30.130
,10.4.30.131
,10.4.30.132
,10.4.30.133
,10.4.30.134
,10.4.30.135
,10.4.30.136
,10.4.30.137
,10.4.30.138
,10.4.30.139
,10.4.30.140
,10.4.30.141
,10.4.30.142
,10.4.30.143
,10.4.30.144
,10.4.30.145
,10.4.30.146
,10.4.30.147
,10.4.30.149
,10.4.30.150
,10.4.40.24
,10.4.40.26
,10.4.54.101
,10.4.54.102
,10.4.54.103
,10.4.54.104
,10.4.54.105
,10.4.54.106
,10.4.54.107
,10.4.54.108
,10.4.54.109
,10.4.54.110
,10.4.54.111
,10.4.54.112
,10.4.54.113
,10.4.54.114
,10.4.54.115
,10.4.54.117
,10.4.54.118
,10.4.54.119
,10.4.54.120
,10.4.54.126
,10.4.54.135
,10.5.10.40
,10.5.15.102
,10.5.15.102
,10.5.15.102
,10.5.15.102
,10.5.15.102
,10.5.15.103
,10.5.15.103
,10.5.15.103
,10.5.15.105
,10.5.15.106
,10.5.15.107
,10.5.15.108
,10.5.15.109
,10.5.15.110
,10.5.15.117
,10.5.15.118
,10.5.15.118
,10.5.15.122
,10.5.15.123
,10.5.15.130
,10.5.15.131
,10.5.15.132
,10.5.15.134
,10.5.15.137
,10.5.15.138
,10.5.15.139
,10.5.15.140
,10.5.15.141
,10.5.165.1
,10.5.165.126
,10.5.165.2
,10.9.142.54
,10.9.87.202
bnodtest2012r2,169.254.194.181
,172.16.16.249
,172.16.16.250
,172.16.16.251
,172.16.16.252
,172.16.16.252
,172.16.16.253
,172.16.16.253
,172.16.16.253
,172.16.16.253
,172.16.16.254
,172.16.16.254
,172.16.16.60
,172.16.16.64
,172.16.16.65
,172.16.19.1
,172.16.19.2
,172.16.20.33
,172.16.20.34
,172.16.20.35
,172.16.20.64
,172.16.20.65
kibana,172.16.24.2
datanode1,172.16.24.3
datanode2,172.16.24.4
datanode3,172.16.24.5
serverapm,172.16.24.6
tjh52ahb,172.16.27.251
,172.16.47.25
,172.16.47.26
,172.16.47.27
,172.16.47.28
bnopdbportal-a,172.17.201.10
bnopfiscal-a,172.17.201.107
bnopporint-a,172.17.201.113
bnopportal-a,172.17.201.114
bnopmecm-a,172.17.201.115
bnopbdmecm-a,172.17.201.116
bnopsicofin01-a,172.17.201.17
bnopcg01-a,172.17.201.22
bnopcgd-a,172.17.201.24
bnopfiscal01-a,172.17.201.28
bnoploborh05-a,172.17.201.32
bnopgapsys-a,172.17.201.35
bnopbdserv02-a,172.17.201.41
bnopbdfiduc-a,172.17.201.51
bnopappmovil-a,172.17.201.52
bnopbdconta-a,172.17.201.53
bnopbdconta2-a,172.17.201.54
bnopbdserv-a,172.17.201.55
bnoplms-a-2012,172.17.201.56
bnopbdintra-a,172.17.201.58
bnopsppintra-a,172.17.201.59
rmsjuridico,172.17.201.60
bnoprmsjura,172.17.201.63
bnopsispromex-a,172.17.201.64
bnopintraap13-a,172.17.201.65
bnopatcambio-a,172.17.201.66
bnopsicovi02-a,172.17.201.67
bnopctxsigro1-a,172.17.201.79
bnopsial01-a,172.17.201.80
bnopbdmongo-a,172.17.201.82
bnopsissarr-a,172.17.201.85
bnopsgrt-a,172.17.201.87
bnopsaaipb-a,172.17.201.88
bnopintrabd13-a,172.17.201.9
bnoprepjas-a,172.17.201.91
bnopodam-a,172.17.201.93
bnopcartera-a,172.17.202.14
bnopsicreb03-a,172.17.202.17
bnopbdcartera01-a,172.17.202.20
bnopbdonbase-a,172.17.202.21
bnopifrspce-a,172.17.202.27
bnopbdcartera-a,172.17.202.50
bnopcarteraat-a,172.17.202.51
bnopbddmart1-a,172.17.202.52
bnopmcred-a,172.17.202.8
bnopikosnet-a,172.17.203.10
bnopcashnet-a,172.17.203.11
bnopbdcashnet-a,172.17.203.12
bnopbdderiv-a,172.17.203.50
bnopbdikosnet-a,172.17.203.9
bnopspei02-a,172.17.204.16
bnopspei02-a,172.17.204.16
bnopesb-a,172.17.204.20
bnopwswlcrm-a,172.17.204.22
bnopwswlikcrm-a,172.17.204.23
bnopbdora04-a,172.17.204.24
bnopbdora04-a,172.17.204.24
bnopbdora06-a,172.17.204.26
bnopctxcash01-a,172.17.204.30
bnopsdiconta-a,172.17.204.37
bnopcoaspei-a,172.17.204.38
bnopcoaspei2-a,172.17.204.39
bnopcashweb-a,172.17.204.41
bnopcashweb-a,172.17.204.41
bnopbdindeval-a,172.17.204.6
bnopindeval-a,172.17.204.7
bnopctxvarm-a,172.17.205.10
bnopctxgiro-a,172.17.205.11
bnopsiar-a,172.17.205.13
bnopvarmer-a,172.17.205.14
banspsivarmera,172.17.205.7
banspdcgca01,172.17.206.1
bnopexada01,172.17.206.103
bnopexcasa04,172.17.206.105
bnopexcasa05,172.17.206.106
bnopexedga03,172.17.206.107
bnopexnoda04,172.17.206.108
"bnopcerta01
",172.17.206.116
bnopexedga04,172.17.206.120
bnopspaceoapp-a,172.17.206.129
bnopspaceoapp-a ,172.17.206.129
bnopsatellite-a,172.17.206.130
bnopexnoda05,172.17.206.131
bnopiparhel-a,172.17.206.132
bnopveeambjobsa,172.17.206.133
bnopveeamema,172.17.206.134
bnopveeammja,172.17.206.135
bnopveeamproxya,172.17.206.136
bnopveeamrsa,172.17.206.137
bnopveeamwasa,172.17.206.138
bnopctxmsbada01,172.17.206.139
bnopfilesa01r,172.17.206.14
bnopsppcap01-a,172.17.206.140
bnopsppcbd01-a,172.17.206.141
bnopspaceobdb-a,172.17.206.142
bnopspaceobdb-a,172.17.206.142
bnopdeployos-a,172.17.206.145
bnopfilesa02r,172.17.206.156
bnopfilesa04n,172.17.206.16
bnopfilesa08r,172.17.206.166
bnopfilesbia02r,172.17.206.174
bnopfilesa04,172.17.206.18
banspdcgca02,172.17.206.2
,172.17.206.201
bnopfilesbia01r,172.17.206.21
bnoplicencias-a,172.17.206.25
bnopsp2010db-a,172.17.206.27
bnoplicencias02-a,172.17.206.29
bnopfilesa07r,172.17.206.39
bnopfilesa05r,172.17.206.4
bnoprestore-a,172.17.206.40
bnoprdslic01-a,172.17.206.41
bnopconsca-a,172.17.206.42
bnoprdslic02-a,172.17.206.44
bnopbdpdtic-a,172.17.206.55
bnopcloud12c-a,172.17.206.56
bnopdbcloud12c-a,172.17.206.57
bnopsppdtic-a,172.17.206.59
bnopvrops-a,172.17.206.6
banspcitrix03,172.17.206.63
bnopscoma02,172.17.206.64
bnopscoma01,172.17.206.69
bnopsccma01,172.17.206.76
bnopscoma03,172.17.206.84
bnopsccma02,172.17.206.85
bnopbdsgcpa01,172.17.206.86
bnoptcsgcpa01,172.17.206.87
bnopctxdc-a,172.17.206.88
bnopctxls-a,172.17.206.89
bnopctxsf-a,172.17.206.90
bnoplabrhels-a,172.17.206.96
bnopspbd16-a,172.17.206.98
bnoprepreg-a,172.17.207.104
bnopohsesb-a,172.17.207.91
bnoposb1esb-a,172.17.207.92
bnoposb2esb-a,172.17.207.93
bnopsicofin1-a,172.17.207.96
bnopbdora09-a,172.17.208.10
bnopbdora07-a,172.17.208.11
bnohbdhist01-a,172.17.208.14
bnopyatla-a,172.17.208.15
bnopbdbit-a,172.17.208.19
bnopbdsial-a,172.17.208.23
bnopbdora10-a,172.17.208.24
bnohbdhist-a,172.17.208.25
bnopbdconta3-a,172.17.208.26
bnohbdhist02-a,172.17.208.27
bnopbdcoas-a,172.17.208.31
bnopbdora11-a,172.17.208.32
bnopbdora12-a,172.17.208.36
bnopoms13c-a,172.17.208.44
bnopbdomr13c-a,172.17.208.45
bnopbdcalcar-a,172.17.208.46
bnopbdloborh-a,172.17.208.6
bnopbdteso-a,172.17.208.8
bnopbdora08-a,172.17.208.9
bnopbdora08-a,172.17.208.9
,172.17.209.170
,172.17.209.171
,172.17.209.172
,172.17.209.173
,172.17.209.174
,172.17.209.175
,172.17.209.176
,172.17.209.177
,172.17.209.178
,172.17.209.179
,172.17.209.180
,172.17.209.181
,172.17.209.182
,172.17.209.183
,172.17.209.184
,172.17.209.185
,172.17.209.186
,172.17.209.187
,172.17.209.188
,172.17.209.189
,172.17.209.198
bnopsrm00-a,172.17.209.38
boqasboq,172.17.211.10
bnopods-a,172.17.211.11
boabapcmp,172.17.211.16
bopabapecp,172.17.211.29
bopabappop,172.17.211.30
bnopsolmans,172.17.211.32
bnopwspld-a,172.17.211.34
bnopobiee,172.17.211.6
boprdbop,172.17.211.8
boprdtrp,172.17.211.9
bnopfarac-a,172.17.216.106
bnopwsrenapo-a,172.17.216.114
bnopportalf-a,172.17.216.122
bnopspeicep-a,172.17.216.138
bnopspeicep-a,172.17.216.138
bnopsppcwb01-a,172.17.216.161
bnopsp2010app-a,172.17.216.162
bnopportales-a,172.17.216.18
bnopnewppm-a,172.17.216.2
bnopspap16-a,172.17.216.234
bnopfonadin-a,172.17.216.34
bnopfiscal02-a,172.17.216.82
bnopacportal-a,172.17.216.98
bnopspei01-a-n,172.17.219.2
bnopspei01-a-n,172.17.219.2
,172.17.3.5
bnopavaluos-a,172.17.90.1
bnopcitrix02-a,172.17.90.113
bnopcitrix02-a,172.17.90.113
bnopideriv-a,172.17.90.145
bnopideriv02-a,172.17.90.153
bnopiteso02-a,172.17.90.177
bnopiteso03-a,172.17.90.185
bnopriesgos-a,172.17.90.201
bnopsip01-a,172.17.90.209
bnopcitrix03-a,172.17.90.217
bnopcitrix01-a,172.17.90.225
bnopcitrix04-a,172.17.90.233
bnopcitrix04-a,172.17.90.233
bnopcitrixp02-a,172.17.90.241
bnocitrixappl-a,172.17.90.249
bnopsigro-a,172.17.90.41
bnoappweb-a,172.17.90.49
bnopcitrix05-a,172.17.90.65
bnopcitrix06-a,172.17.90.73
bnoploborh02-a,172.17.90.89
bnopiisapp-a,172.17.90.9
bnopcitrixp-a,172.17.90.97
bnopopenotds-a,172.18.101.129
bnopopentextw-a,172.18.101.130
bnopbdopen-a,172.18.101.131
bnopbdopen-a ,172.18.101.131
bnopopenfre-a,172.18.101.132
bnopopenfre-a,172.18.101.132
ld04prsiba12,172.18.101.15
ld01prsiba21,172.18.101.18
ld02prsiba21,172.18.101.19
ld03prsiba21,172.18.101.20
ld04prsiba22,172.18.101.22
boxprsiba01,172.18.101.23
ld02prsiba31,172.18.101.27
,172.20.16.245
,172.20.16.250
,172.20.16.251
,172.20.16.252
,172.20.16.252
,172.20.16.253
,172.20.16.253
,172.20.16.253
,172.20.16.253
,172.20.16.254
,172.20.16.254
,172.20.16.48
,172.20.16.60
,172.20.16.62
,172.20.16.70
,172.20.19.1
,172.20.19.2
,172.20.20.20
,172.20.20.21
,172.20.20.22
,172.20.20.23
,172.20.20.24
,172.20.20.25
,172.20.20.26
,172.20.20.27
,172.20.20.28
,172.20.20.29
,172.20.20.30
,172.20.20.31
,172.20.20.32
,172.20.20.33
,172.20.20.34
,172.20.20.35
,172.20.20.36
,172.20.20.37
,172.20.20.38
,172.20.20.39
,172.20.20.40
,172.20.20.41
,172.20.20.42
,172.20.20.43
,172.20.20.45
,172.20.20.46
,172.20.20.50
58jpvu0f,172.20.21.251
bnopelastic01-b,172.20.21.5
bnopkibana01-b,172.20.21.6
bnoplogstash01-b,172.20.21.7
bnopelastic02-b,172.20.21.8
bnopelastic03-b,172.20.21.9
banspcitrix03,172.27.101.1
bnoprdslic01-a,172.27.101.10
bnopbdcartera01-a,172.27.101.11
bnopbdcartera-a,172.27.101.12
bnopbdora09-a,172.27.101.15
bnopbdteso-a,172.27.101.16
bnopindeval-a,172.27.101.23
bnopintraap13-a,172.27.101.24
bnopintrabd13-a,172.27.101.25
bnopohsesb-a,172.27.101.29
bnoposb1esb-a,172.27.101.31
bnoposb2esb-a,172.27.101.32
bnopporint-a,172.27.101.33
bnopwswlcrm-a,172.27.101.41
bnopwswlikcrm-a,172.27.101.42
bnopyatla-a,172.27.101.43
boabapcmp,172.27.101.44
boprdbop,172.27.101.45
boprdtrp,172.27.101.46
ld01prsiba21,172.27.101.47
ld02prsiba21,172.27.101.48
ld02prsiba31,172.27.101.49
bnopctxdc-a,172.27.101.5
ld03prsiba21,172.27.101.50
ld04prsiba12,172.27.101.51
ld04prsiba22,172.27.101.52
banspsivarmera,172.27.101.53
bnopbdconta-a,172.27.101.55
bnopbdderiv-a,172.27.101.56
bnopbdmongo-a,172.27.101.57
bnopbdora07-a,172.27.101.58
bnopbdserv-a,172.27.101.59
bnopctxls-a,172.27.101.6
bnopbdsial-a,172.27.101.60
bnopfiscal01-a,172.27.101.61
bnopsial01-a,172.27.101.65
bnopsicovi02-a,172.27.101.66
bnopbdconta2-a,172.27.101.67
bnopbddmart1-a,172.27.101.68
bnopbdfiduc-a,172.27.101.69
bnopctxsf-a,172.27.101.7
bnoplicencias02-a,172.27.101.8
bopabappop,172.27.101.82
bnopfilesbia01r,172.27.101.84
bnopfilesbia01r,172.27.101.84
bnopfilesbia02r,172.27.101.85
bnopfilesbia02r,172.27.101.85
bnoploborh05-a,172.27.101.85
bnoplicencias-a,172.27.101.9
bnopbdindeval-a,172.27.101.90
bnodfiscal-b,172.27.201.107
bnodlms-b-2012,172.27.201.108
bnodrenapo-b,172.27.201.112
bnodsissarr-b,172.27.201.115
bnodiisappupg-b,172.27.201.117
bnodcontaupg-b,172.27.201.118
bnodcg02-b,172.27.201.119
bnodcgd-b,172.27.201.121
bnoqasaaipb-b,172.27.201.122
bnodproyectos-b,172.27.201.43
bnopreproyect-b,172.27.201.44
bnopreproyect-b,172.27.201.44
bnododimetas-b,172.27.201.45
bnodobieemetas-b,172.27.201.46
bnodinnegs-b,172.27.201.61
bnodryfupg-b,172.27.201.62
bnodsisadconf-b,172.27.201.63
bnodrenta-b,172.27.201.64
bnodqaryf-b,172.27.201.65
bnodsispromex-b,172.27.201.66
bnoqsispromex-b,172.27.201.68
bnodcgdupg-b,172.27.201.69
bnodfidupg-b,172.27.201.70
bnodappweb-b,172.27.201.71
bnodintraap13-b,172.27.201.72
bnodintrabd13-b,172.27.201.73
bnodqafid-b,172.27.201.74
bnodportales-b,172.27.201.75
bnodsigro02-b,172.27.201.79
bnodcgdq-b,172.27.201.86
bnodsgrt-b,172.27.201.87
bnodyatla19-b,172.27.201.88
bnodsial01-b,172.27.201.89
bnodsicofin08-b,172.27.201.93
bnoqcarteraat-b,172.27.202.23
bnodcarterapd-b,172.27.202.24
bnodsisec01-b,172.27.202.25
bnoqasicreb-b,172.27.202.28
bnodopentextw-b,172.27.202.29
bnodopenotds-b,172.27.202.30
bnoqsicreb04-b,172.27.202.46
bnoqsicalc2-b,172.27.202.5
bnotbdsql1-b,172.27.203.22
bnotbdsql2-b,172.27.203.23
bnotikosnet-b,172.27.203.24
bnotcashnet-b,172.27.203.25
bnoqikosnet-b,172.27.203.28
bnoqcashnet-b,172.27.203.29
bnodcashnet-b,172.27.203.35
bnodbdsql2-b,172.27.203.36
bnodbdsql1-b,172.27.203.37
bnoqabdsql1-b,172.27.203.38
bnoqaikosnet-b,172.27.203.39
bnodcoaspei-b,172.27.204.27
bnodctxcashb,172.27.204.28
bnodctxteso1b,172.27.204.29
bnodctxderi1b,172.27.204.30
bnodcashweb-b,172.27.204.31
bnodcitrixppl2-b,172.27.204.41
bnoditeso3-b,172.27.204.42
bnotriesgos-b,172.27.205.11
bnoqsiar-b,172.27.205.12
bnodsiar-b,172.27.205.13
bnodvarmer-b,172.27.205.17
bnodctxvarm-b,172.27.205.18
bnodsivarmer-b,172.27.205.2
bnopcasrvdb,172.27.206.102
bnopcasrvdb,172.27.206.102
bnopcasrvweb,172.27.206.103
bnopcasrvweb,172.27.206.103
bnopcasrvproce,172.27.206.104
bnopcasrvproce,172.27.206.104
bnopcasrvcatser,172.27.206.105
bnopcasrvcatser,172.27.206.105
bnopcasrvreport,172.27.206.106
bnopcasrvreport,172.27.206.106
bnopsmbamb01,172.27.206.11
bnopsmbamb01,172.27.206.11
banrestore,172.27.206.129
bnodcapsule-b,172.27.206.130
bnodohsesb-b,172.27.206.131
bnodosb1esb-b,172.27.206.132
bnodosb2esb-b,172.27.206.133
bnodveeamproxyb,172.27.206.136
bnodveeamwasb,172.27.206.138
bnodtestw2k16,172.27.206.140
bnodifrspce-b,172.27.206.142
bnodsestivsc01,172.27.206.145
bnopfilesaudb4,172.27.206.151
bnopfilesaudb5,172.27.206.152
bnodndd-b,172.27.206.155
bnopfilesaudb1r,172.27.206.157
bnopfilesaudb2r,172.27.206.160
bnoplapsb01,172.27.206.20
bnoplapsb01,172.27.206.20
,172.27.206.203
banspdcgcb01,172.27.206.3
bnopstata-b,172.27.206.34
bnopstata-b,172.27.206.34
bansbalancesc01,172.27.206.43
banspsccmb01,172.27.206.43
bnopsccmb01,172.27.206.44
bnopsccmb01,172.27.206.44
bnoddeployos-b ,172.27.206.47
bnopvrops-b,172.27.206.6
bnopvrops-b,172.27.206.6
bnopvrops2-b,172.27.206.7
bnopvrops2-b,172.27.206.7
bnodunlockusr-b,172.27.206.8
bnodconsca-b,172.27.206.88
bnoptelco-b,172.27.206.9
bnoptelco-b,172.27.206.9
bnodfiscal02-b,172.27.207.10
bnodrepreg-b,172.27.207.104
bnodfonadinf-b,172.27.207.110
bnoqafonadin-b,172.27.207.113
bnodctxdc-b,172.27.207.114
bnodctxls-b,172.27.207.115
bnodctxsf-b,172.27.207.116
bnodsicreb-b,172.27.207.13
bnodmcred-b,172.27.207.24
bnodcg01-b,172.27.207.34
bnodikosesb02-b,172.27.207.35
bnodsigcar-b,172.27.207.39
bnodspeicep-b,172.27.207.56
bnodgapsys-b,172.27.207.63
bnodikoscash-b,172.27.207.65
bnodindeval03-b,172.27.207.72
bnoqappdeban-b,172.27.207.73
bnodriesgos-b,172.27.207.79
bnodcitrix10-b,172.27.207.81
bnodsifed-b,172.27.207.84
bnodgraylog-b,172.27.207.88
bnodfonadin-b,172.27.207.90
bnodshfsise-b,172.27.207.94
bnoddsis12020-b,172.27.207.95
bnodsicofin1-b,172.27.207.96
bnoqsicofin1-b,172.27.207.97
bnodpycctx-b,172.27.207.98
bnotbdora-b,172.27.208.10
bnodora10-b,172.27.208.15
bnodora03-b,172.27.208.2
bnodora11-b,172.27.208.28
bnodora33-b,172.27.208.31
bnodora13-b,172.27.208.33
bnodora20-b,172.27.208.34
bnodoraspei-b,172.27.208.35
bnodora21-b,172.27.208.37
bnodora24-b,172.27.208.38
bnodora25-b,172.27.208.39
bnodora04-b,172.27.208.4
bnodora26-b,172.27.208.40
bnodora27-b,172.27.208.41
bnodora30-b,172.27.208.42
bnodora28-b,172.27.208.43
bnodora06-b,172.27.208.6
bnodora07-b,172.27.208.7
bnodora08-b,172.27.208.8
bnopsrm00-b,172.27.209.4
bnopsrm00-b,172.27.209.4
bnopexnodb04,172.27.210.102
bnopexnodb04,172.27.210.102
bodevecd,172.27.211.1
bodevecd,172.27.211.1
bnodgepi-b,172.27.211.11
bodevtrd,172.27.211.12
bodevtrd,172.27.211.12
bodevbod,172.27.211.14
bodevbod,172.27.211.14
bodevcmd,172.27.211.18
bnodyatla02-b,172.27.211.19
bodevcrd,172.27.211.2
bodevcrd,172.27.211.2
bnodods-b,172.27.211.21
ld01qascmq,172.27.211.23
bnodevpid-b,172.27.211.30
bnoqaspoq-b,172.27.211.33
bnoqasecq-b,172.27.211.34
ld02qasiba01,172.27.211.37
ld02qasiba01,172.27.211.37
ld01qasiba01,172.27.211.38
ld01qasiba01,172.27.211.38
ld01qasiba02,172.27.211.39
ld01qasiba02,172.27.211.39
ld02qasiba02,172.27.211.40
ld02qasiba02,172.27.211.40
ld04qasiba02,172.27.211.41
ld04qasiba02,172.27.211.41
ld02qasiba03,172.27.211.43
ld02qasiba03,172.27.211.43
ld01ppsiba21,172.27.211.45
ld01ppsiba21,172.27.211.45
ld02ppsiba31,172.27.211.46
ld02ppsiba31,172.27.211.46
bopppbo,172.27.211.47
bopppbo,172.27.211.47
ld04ppsiba22,172.27.211.48
ld04ppsiba22,172.27.211.48
bopptrp,172.27.211.49
bopptrp,172.27.211.49
ld03ppsiba21,172.27.211.50
ld03ppsiba21,172.27.211.50
ld04ppsiba12,172.27.211.51
ld04ppsiba12,172.27.211.51
ld02ppsiba21,172.27.211.53
ld02ppsiba21,172.27.211.53
bodevpid,172.27.211.6
bodevpid,172.27.211.6
bodevpid-new,172.27.211.67
bodevepd,172.27.211.7
bodevepd,172.27.211.7
bnoqastrq,172.27.211.76
bnoqastrq-b-nw,172.27.211.76
bodevbid,172.27.211.8
bodevbid,172.27.211.8
bodevced,172.27.211.9
bodevced,172.27.211.9
bnodbastion-b,172.27.213.1
bnodworker1-b,172.27.213.10
bnodworker2-b,172.27.213.11
bnodbalance-b,172.27.213.2
bnodbootstrp-b,172.27.213.3
bnodmaster1-b,172.27.213.4
bnodmaster2-b,172.27.213.5
bnodmaster3-b,172.27.213.6
bnodstorage1-b,172.27.213.7
bnodstorage2-b,172.27.213.8
bnodstorage3-b,172.27.213.9
bnopgespage-b,172.27.214.193
bnopmvision-b,172.27.214.194
,172.27.214.71
,172.27.214.72
,172.27.214.73
,172.27.214.74
,172.27.214.75
,172.27.214.76
bnopexedgb02,172.27.221.1
bnopexcasb02,172.27.221.2
bnodwsrenapo-b,172.27.222.18
bnopfiscal02-a,172.27.222.65
bnodcasrvcatser,172.27.223.1
bnodcasrvdb,172.27.223.1
,172.27.3.5
bnodsigrodes-b,172.27.90.1
bnodideriv-b,172.27.90.113
bnodcitrixppl-b,172.27.90.121
bnoycarterapd-b,172.27.90.129
bnodsictst-b,172.27.90.137
bnodsicofin-b,172.27.90.145
bnodbo01-b,172.27.90.169
bnositeso03-b,172.27.90.17
bnodcitrix-b,172.27.90.177
bnoditeso03-b,172.27.90.185
bnodiisapp-b,172.27.90.193
bnodcartera07-b,172.27.90.201
bnodcarteraat-b,172.27.90.201
bnosideriv-b,172.27.90.233
bnotiteso03-b,172.27.90.241
bnoqsicofin01-b,172.27.90.73
bnodcarterapd-b,172.27.90.81
bnodcarteracon,172.27.90.9
bnodcitrixp-b,172.27.90.97
bnopcitrixp-a,172.27.91.113
bnopcartera-a,172.27.91.121
bnopcitrixp02-a,172.27.91.137
bnopideriv02-a,172.27.91.145
bnopideriv-a,172.27.91.153
bnopiteso02-a,172.27.91.161
bnopiteso03-a,172.27.91.169
bnopriesgos-a,172.27.91.185
bnopsip01-a,172.27.91.193
bnocitrixappl-a,172.27.91.201
bnopiisapp-a,172.27.91.209
bnopsigro-a,172.27.91.217
bnodfiscal01-b,172.27.91.33
bnodcarteragrp,172.27.91.49
bnoqariesgos-b,172.27.91.57
bnopcitrix03-a,172.27.91.97
bnodansibledb-b,172.27.92.34
bnodhybctrl01-b,172.27.92.35
bnodhybctrl02-b,172.27.92.36
evw10speidtic1,172.28.219.241
evw10speidtic2,172.28.219.242
bnodindeval-b,172.28.220.130
bnodspeiamp-b,172.28.220.17
bnodspei01-b-n,172.28.220.2
bnotspei01-b,172.28.220.25
bnodspei01-b,172.28.220.33
bnodspei03-b,172.28.220.41
bnopexedgb02,
bnopexcasb02,
2m3twx3batpbw11,
 8tf1hx3stfp9w11,
10d1hx3stfp5w11,
10f1hx3stfp9w11,
10g1hx3stfpbw11,
11c1hx3stfp5w11,
11d1hx3stfp3w11,
11f1hx3pospbw11,
11h1hx3stfp5w11,
124twx3stfp9w11,
12f1hx3stfp6w11,
12g1hx3stfp3w11,
134twx3nlepbw11,
135twx3cenpbw11,
13f1hx3stfp3w11,
13g1hx3stfp3w11,
13h1hx3pospbw11,
13v1hx3stfs1w11,
144twx3batpbw11,
145twx3stfp9w11,
14f1hx3stfp9w11,
14h1hx3stfp8w11,
14s1hx3pospbw11,
154twx3stfpbw11,
15f1hx3stfp6w11,
16f1hx3stfp6w11,
16v1hx3stfp2w11,
17g1hx3stfp6w11,
17v1hx3stfp2w11,
184twx3soapbw11,
18v1hx3pospbw11,
19f1hx3stfp3w11,
19h1hx3stfp8w11,
19v1hx3pospbw11,
1bd1hx3stfp5w11,
1bx1hx3stfp1w11,
1cg1hx3stfp2w11,
1dg1hx3stfp2w11,
1gd1hx3stfp5w11,
1hc1hx3stfpbw11,
1kc1hx3stfp6w11,
1kd1hx3gropbw11,
1kh1hx3pospbw11,
1l3twx3stfs3w11,
1lc1hx3stfp5w11,
1lg1hx3stfp8w11,
1m3twx3sdcpbw11,
1mc1hx3stfp8w11,
1md1hx3stfp6w11,
1mvlwx3soapbw11,
1n3twx3micpbw11,
1nc1hx3stfp6w11,
1nd1hx3stfp6w11,
1nf1hx3stfp3w11,
1nvlwx3gropbw11,
1pc1hx3stfp5w11,
1ps1hx3pospbw11,
1pt1hx3stfp8w11,
1pvlwx3stfp5w11,
1pw1hx3stfp8w11,
1qf1hx3stfp4w11,
1qs1hx3stfp1w11,
1rd1hx3stfp6w11,
1rf1hx3stfp2w11,
1rh1hx3pospbw11,
1rylwx3scdpbw11,
1s4twx3verpbw11,
1sv1hx3pospbw11,
1sylwx3sdcpbw11,
1t4twx3stfp3w11,
1tf1hx3pospbw11,
1tylwx3colpbw11,
1v4twx3stfp3w11,
1vc1hx3stfp4w11,
1vf1hx3stfp8w11,
1vg1hx3pospbw11,
1vs1hx3pospbw11,
1vylwx3jalpbw11,
1wc1hx3stfp3w11,
1wf1hx3stfp9w11,
1wg1hx3stfp6w11,
1ww1hx3pospbw11,
1xc1hx3stfp4w11,
1xd1hx3stfp6w11,
1xf1hx3hgopbw11,
1yc1hx3stfp6w11,
1yf1hx3stfpbw11,
1zc1hx3stfp4w11,
1zf1hx3stfp6w11,
1zr1hx3pospbw11,
20f1hx3nlepbw11,
20g1hx3stfp2w11,
21d1hx3stfp6w11,
21g1hx3verpbw11,
224twx3stfp9w11,
225twx3verpbw11,
22f1hx3stfp6w11,
22g1hx3stfp3w11,
234twx3stfp5w11,
235twx3stfmzw11,
23f1hx3stfpbw11,
23g1hx3stfpbw11,
23h1hx3stfp8w11,
23v1hx3stfp6w11,
244twx3hgopbw11,
245twx3stfp1w11,
24h1hx3pospbw11,
24s1hx3stfp1w11,
254twx3stfp9w11,
25f1hx3stfpbw11,
25h1hx3pospbw11,
26f1hx3pospbw11,
26g1hx3stfp3w11,
26s1hx3pospbw11,
26v1hx3pospbw11,
27f1hx3stfp2w11,
27g1hx3stfs1w11,
27v1hx3pospbw11,
28f1hx3morpbw11,
29d1hx3stfpbw11,
29f1hx3stfp3w11,
29v1hx3stfs1w11,
29w1hx3stfp4w11,
2bd1hx3stfp9w11,
2bx1hx3pospbw11,
2cg1hx3stfp8w11,
2dg1hx3stfp3w11,
2fc1hx3stfp4,
2hc1hx3stfp8w11,
2jc1hx3stfp1w11,
2jf1hx3stfp5w11,
2kh1hx3yucpbw11,
2l3twx3stfpbw11,
2lc1hx3stfpbw11,
2ld1hx3stfpb4w11,
2lg1hx3stfp8w11,
2mc1hx3stfp9w11,
2mvlwx3stfp5w11,
2n3twx3coapbw11,
2nc1hx3stfp8w11,
2nd1hx3stfp1w11,
2nf1hx3stfpbw11,
2nvlwx3nlepbw11,
2pc1hx3stfp5w11,
2ps1hx3pospbw11,
2pt1hx3pospbw11,
2pw1hx3stfp8w11,
2qf1hx3stfp5w11,
2qs1hx3stfs2w11,
2rd1hx3stfp9w11,
2rf1hx3stfp2w11,
2rg1hx3stfp6w11,
2rh1hx3pospbw11,
2rv1hx3stfp1w11,
2rylwx3jalpbw11,
2s4twx3stfpbw11,
2sf1hx3stfp3w11,
2sv1hx3stfp1w11,
2sylwx3edmpbw11,
2tf1hx3stfpbw11,
2tylwx3edmpbw11,
2vc1hx3stfp5w11,
2vf1hx3stfp8w11,
2vg1hx3stfs2w11,
2vs1hx3pospbw11,
2vylwx3chspbw11,
2wc1hx3stfp4w11,
2wd1hx3stfp3w11,
2wf1hx3stfpbw11,
2wg1hx3pospbw11,
2ww1hx3stfp2w11,
2xc1hx3stfp3w11,
2xd1hx3stfp1w11,
2yc1hx3stfp6w11,
2yd1hx3stfp9w11,
2yf1hx3stfp9w11,
2zd1hx3stfp5w11,
2zf1hx3stfp1w11,
2zr1hx3pospbw11,
30d1hx3stfp9w11,
30f1hx3stfp7w11,
31c1hx3stfp5w11,
31d1hx3stfp6w11,
31f1hx3stfp9w11,
325twx3stfmzw11,
32f1hx3stfp4w11,
334twx3micpbw11,
335twx3stfs1w11,
33f1hx3stfpbw11,
33g1hx3stfp3w11,
33h1hx3stfp6w11,
33v1hx3stfp8w11,
344twx3stfpbw11,
34f1hx3stfp9w11,
34h1hx3pospbw11,
35f1hx3pospbw11,
35h1hx3pospbw11,
36f1hx3stfp3w11,
36g1hx3stfp2w11,
36s1hx3pospbw11,
36v1hx3pospbw11,
37f1hx3pospbw11,
37g1hx3stfp1w11,
38d1hx3stfpbw11,
38f1hx3stfp8w11,
39f1hx3stfp3w11,
39h1hx3stfp3w11,
39v1hx3pospbw11,
39w1hx3stfp8w11,
3bd1hx3stfp4w11,
3bg1hx3stfp5w11,
3bw1hx3cenpbw11,
3bx1hx3pospbw11,
3cg1hx3stfp5w11,
3dg1hx3stfp1w11,
3fc1hx3stfs1w11,
3gd1hx3pstfbw11,
3hc1hx3stfpbw11,
3hd1hx3stfp9w11,
3jc1hx3stfp8w11,
3jf1hx3stfp5w11,
3kc1hx3stfp5w11,
3kh1hx3pospbw11,
3l3twx3soapbw11,
3lc1hx3stfp9w11,
3ld1hx3stfp5w11,
3lvlwx3stfp3w11,
3m3twx3stfp3w11,
3mc1hx3stfp8w11,
3mg1hx3stfp8w11,
3mvlwx3stfp3w11,
3nc1hx3stfp8w11,
3nd1hx3stfp5w11,
3nf1hx3stfp1w11,
3nvlwx3cenpbw11,
3pc1hx3stfp6w11,
3ps1hx3pospbw11,
3pt1hx3stfp6w11,
3pvlwx3oaxpbw11,
3pw1hx3stfp1w11,
3qs1hx3pospbw11,
3rf1hx3stfp3w11,
3rh1hx3stfp2w11,
3rv1hx3stfp6w11,
3rylwx3campbw11,
3sf1hx3stfp3w11,
3sylwx3coapbw11,
3tf1hx3pospbw11,
3tylwx3campbw11,
3vc1hx3stfpbw11,
3vf1hx3pospbw11,
3vg1hx3pospbw11,
3vs1hx3pospbw11,
3wc1hx3stfp4w11,
3wd1hx3stfp5w11,
3wf1hx3stfpbw11,
3ww1hx3stfp2w11,
3xc1hx3stfp4w11,
3xd1hx3stfpbw11,
3xf1hx3stfp3w11,
3yd1hx3stfp2w11,
3yf1hx3pospbw11,
3zc1hx3stfp6w11,
3zd1hx3stfp8w11,
3zf1hx3stfp6w11,
3zr1hx3stfp2w11,
40f1hx3stfp9w11,
41g1hx3bcnpbw11,
41h1hx3stfp8w11,
424twx3soapbw11,
425twx3cenpbw11,
42g1hx3stfp6w11,
42s1hx3stfp9w11,
434twx3batpbw11,
43f1hx3stfpbw11,
43g1hx3coapbw11,
43h1hx3stfpbw11,
43v1hx3stfp2w11,
444twx3soapbw11,
44h1hx3stfp1w11,
44s1hx3pospbw11,
45f1hx3stfp8w11,
45h1hx3pospbw11,
46f1hx3pospbw11,
46g1hx3stfp3w11,
46s1hx3pospbw11,
47g1hx3stfp1w11,
48d1hx3stfp3w11,
48f1hx3stfpbw11,
49f1hx3stfp3w11,
49h1hx3stfp1w11,
49v1hx3pospbw11,
49w1hx3stfp9w11,
4bd1hx3stfp5w11,
4bg1hx3stfp3w11,
4bw1hx3pospbw11,
4bx1hx3pospbw11,
4cg1hx3stfp3w11,
4dg1hx3stfp4w11,
4fc1hx3pospbw11,
4gc1hx3stfp5w11,
4gd1hx3stfp3w11,
4hc1hx3coapbw11,
4hd1hx3stfp5w11,
4jf1hx3stfp2w11,
4jh1hx3stfp6w11,
4kb1hx3stfp5w11,
4kc1hx3stfp1w11,
4kh1hx3stfp2w11,
4l3twx3soapbw11,
4lc1hx3stfp9w11,
4lg1hx3stfs1w11,
4m3twx3stfp3w11,
4mg1hx3pospbw11,
4mvlwx3pospbw11,
4n3twx3coapbw11,
4nc1hx3pospbw11,
4nd1hx3stfp8w11,
4nvlwx3soapbw11,
4ps1hx3pospbw11,
4q4twx3posp10w11,
4qh1hx3stfp3w11,
4rf1hx3stfp9w11,
4rylwx3stfp5w11,
4s4twx3cenpbw11,
4sf1hx3stfp4w11,
4sylwx3pospbw11,
4t4twx3cenpbw11,
4tf1hx3tabpbw11,
4tylwx3posp10w11,
4vc1hx3stfp5w11,
4vg1hx3stfp8w11,
4vs1hx3pospbw11,
4wd1hx3stfp5w11,
4wf1hx3stfp2w11,
4wg1hx3pospbw11,
4xd1hx3stfp1w11,
4yc1hx3stfp9w11,
4yf1hx3stfpbw11,
4zc1hx3stfp3w11,
4zd1hx3stfp6w11,
4zf1hx3stfpbw11,
50f1hx3stfp9w11,
50g1hx3stfp2w11,
51d1hx3stfp6w11,
51g1hx3stfp9w11,
51h1hx3stfp9w11,
524twx3sonpbw11,
525twx3stfp7w11,
52d1hx3stfp3w11,
52g1hx3stfp3w11,
52s1hx3pospbw11,
534twx3soapbw11,
53d1hx3stfp4w11,
53f1hx3stfp9w11,
53g1hx3stfp2w11,
53h1hx3stfp5w11,
544twx3stfp5w11,
545twx3stfmzw11,
54f1hx3stfp8w11,
54h1hx3pospbw11,
54s1hx3stfpbw11,
55h1hx3pospbw11,
56f1hx3stfpbw11,
56g1hx3stfpbw11,
56s1hx3pospbw11,
57d1hx3stfp5w11,
57f1hx3pospbw11,
57g1hx3pospbw11,
58d1hx3stfp6w11,
58f1hx3stfp1w11,
58g1hx3stfp3w11,
59d1hx3chpbw11,
59f1hx3stfp6w11,
59h1hx3stfs1w11,
59v1hx3pospbw11,
59w1hx3stfp8w11,
5bd1hx3stfp6w11,
5bg1hx3stfp3w11,
5bx1hx3stfp2w11,
5cg1hx3stfpbw11,
5dg1hx3stfp3w11,
5dh1hx3pospbw11,
5fc1hx3stfp6w11,
5fh1hx3stfp3w11,
5gc1hx3stfp2w11,
5jc1hx3stfp6w11,
5jf1hx3stfp4w11,
5jh1hx3stfp3w11,
5kb1hx3stfp2w11,
5kb1hx3stfp3w11,
5kc1hx3qropbw11,
5kh1hx3pospbw11,
5l3twx3zacpbw11,
5lc1hx3stfp9w11,
5ld1hx3stfpbw11,
5lvlwx3chipbw11,
5m3twx3cdjpbw11,
5mg1hx3stfp8w11,
5mvlwx3stfpbw11,
5nc1hx3stfp1w11,
5nf1hx3stfpbw11,
5nvlwx3posp10w11,
5p4twx3stfp5w11,
5pc1hx3stfp8w11,
5ps1hx3stfs1w11,
5pvlwx3batpbw11,
5pw1hx3stfp1w11,
5qd1hx3stfp6w11,
5qh1hx3stfp2w11,
5rf1hx3stfp4w11,
5rh1hx3stfp1w11,
5rw1hx3stfp1w11,
5rylwx3soapbw11,
5s4twx3sdcpbw11,
5sf1hx3jalpbw11,
5sylwx3soapbw11,
5t4twx3cenpbw11,
5tf1hx3stfp6w11,
5tylwx3micpbw11,
5v4twx3stfp1w11,
5vc1hx3stfp9w11,
5vf1hx3stfp2w11,
5vg1hx3stfp5w11,
5vs1hx3stfp4w11,
5vt1hx3stfp5w11,
5wc1hx3stfp4,
5wf1hx3stfp1w11,
5wg1hx3stfp1w11,
5yc1hx3stfp4w11,
5yd1hx3pospbw11,
5yf1hx3stfp1w11,
5zd1hx3stfp5w11,
5zf1hx3stfp6w11,
5zr1hx3pospbw11,
60d1hx3stfp4w11,
60f1hx3stfs1w11,
60g1hx3pospbw11,
61g1hx3stfp1w11,
61h1hx3stp6w11,
624twx3soapbw11,
625twx3stfmzw11,
62d1hx3stfp4w11,
62g1hx3stfp3w11,
62s1hx3stfp2w11,
634twx3soapbw11,
635twx3stfp1w11,
63f1hx3stfp4w11,
63g1hx3stfp5w11,
63h1hx3pospbw11,
63v1hx3stfp6w11,
644twx3stfp3w11,
645twx3chspbw11,
64f1hx3stfp6w11,
64h1hx3pospbw11,
64s1hx3pospbw11,
65f1hx3stfp6w11,
65h1hx3pospbw11,
66f1hx3stfp6w11,
66g1hx3stfpbw11,
66s1hx3pospbw11,
67d1hx3stfp6w11,
67f1hx3pospbw11,
67g1hx3pospbw11,
67v1hx3stfp4w11,
68d1hx3stfp2w11,
68f1hx3stfp2w11,
69d1hx3stfp6w11,
69f1hx3stfp3w11,
69h1hx3pospbw11,
69v1hx3pospbw11,
69w1hx3stfp5w11,
6bd1hx3pospbw11,
6bw1hx3stfp9w11,
6bx1hx3pospbw11,
6cg1hx3stfpbw11,
6dg1hx3stfp1w11,
6dh1hx3stfp4w11,
6fh1hx3stfp2w11,
6gc1hx3stfp5w11,
6hc1hx3stfp9w11,
6jc1hx3stfp6w11,
6jf1hx3stfp4w11,
6jh1hx3stfp8w11,
6kb1hx3stfp5w11,
6kc1hx3pospbw11,
6kh1hx3gtopbw11,
6l3twx3verpbw11,
6lc1hx3stfp6w11,
6ld1hx3sonpbw11,
6lvlwx3dgopbw11,
6m3twx3cdjpbw11,
6mc1hx3stfp8w11,
6mf1hx3naypbw11,
6mvlwx3soapbw11,
6nc1hx3stfp7w11,
6nf1hx3sinpbw11,
6nvlwx3jalpbw11,
6pc1hx3stfp9w11,
6ph1hx3stfp9w11,
6ps1hx3pospbw11,
6pvlwx3hgopbw11,
6pw1hx3stfp6w11,
6qh1hx3stfp3w11,
6rf1hx3stfp5w11,
6rw1hx3pospbw11,
6rylwx3soapbw11,
6s4twx3stfp3w11,
6sf1hx3stfp2w11,
6sylwx3soapbw11,
6t4twx3stfmtzw11,
6tc1hx3stfp5w11,
6tf1hx3stfp4w11,
6tylwx3soapbw11,
6v4twx3yucp4w11,
6vf1hx3pospbw11,
6vs1hx3pospbw11,
6vt1hx3stfp5w11,
6wf1hx3stfp1w11,
6wg1hx3stfp8w11,
6xd1hx3stfp1w11,
6xf1hx3stfp3w11,
6yc1hx3stfpbw11,
6yf1hx3stfp6w11,
6zc1hx3pospbw11,
6zd1hx3stfp5w11,
6zf1hx3stfp1w11,
6zr1hx3stfp1w11,
70d1hx3stfp9w11,
70g1hx3stfp3w11,
71g1hx3stfp3w11,
724twx3stfp7w11,
72d1hx3stfp8w11,
72f1hx3pospbw11,
72g1hx3stfp3w11,
72s1hx3stfmzw11,
734twx3puepbw11,
73g1hx3stfp2w11,
73h1hx3stfp1w11,
73s1hx3dgopbw11,
73v1hx3stfp2w11,
745twx3chspbw11,
74h1hx3pospbw11,
75h1hx3stfp2w11,
76f1hx3stfp6w11,
76g1hx3stfp5w11,
76v1hx3stfpbw11,
77d1hx3stfp9w11,
77f1hx3pospbw11,
77g1hx3stfp9w11,
77v1hx3stfp2w11,
78d1hx3stfp3w11,
78g1hx3stfpbw11,
78h1hx3stfp8w11,
79d1hx3stfp9w11,
79f1hx3stfp3w11,
79h1hx3pospbw11,
79v1hx3stfp4w11,
79w1hx3stfp8w11,
7bd1hx3stfp1w11,
7pvlwx3batpbw11,
7bg1hx3stfp1w11,
7bw1hx3stfp9w11,
7cg1hx3bcspbw11,
7dc1hx3stfp9w11,
7dg1hx3stfp3w11,
7dh1hx3stfp6w11,
7fc1hx3pospbw11,
7fh1hx3stfp3w11,
7gc1hx3stfp5w11,
7gd1hx3pospbw11,
7jc1hx3stfp9w11,
7jh1hx3stfp3w11,
7kb1hx3stfp5w11,
7kc1hx3stfp1w11,
7kd1hx3stfpbw11,
7kh1hx3pospbw11,
7l3twx3nlepbw11,
7lc1hx3stfp6w11,
7m3twx3slppbw11,
7mc1hx3stfp9w11,
7mf1hx3stfpbw11,
7mg1hx3stfp9w11,
7mvlwx3sdcpbw11,
7nc1hx3stfp6w11,
7nf1hx3stfpbw11,
7nvlwx3puepbw11,
7pc1hx3stfp9w11,
7pf1hx3stfp5w11,
7ph1hx3stfmzw11,
7qh1hx3stfp2w11,
7r4twx3stfp8w11,
7rf1hx3stfp6w11,
7rh1hx3stfp2w11,
7rv1hx3stfp1w11,
7rw1hx3stfp2w11,
7rylwx3soapbw11,
7s4twx3cenpbw11,
7sf1hx3stfp3w11,
7sylwx3cenpbw11,
7tc1hx3stfp5w11,
7tf1hx3pospbw11,
7tylwx3pospbw11,
7v4twx3stfp1w11,
7vf1hx3stfp8w11,
7vs1hx3pospbw11,
7vt1hx3stfp1w11,
7wc1hx3stfp5w11,
7wd1hx3stfp5w11,
7wf1hx3stfp6w11,
7xd1hx3stfp4w11,
7xf1hx3stfpbw11,
7yd1hx3stfp6w11,
7yf1hx3stfp1w11,
7zc1hx3colpbw11,
7zd1hx3stfp6w11,
7zf1hx3stfp6w11,
7zr1hx3pospbw11,
80d1hx3stfpbw11,
80f1hx3stfp7w11,
81f1hx3stfp9w11,
81g1hx3stfp2w11,
81h1hx3stfp8w11,
824twx3soapbw11,
82f1hx3pospbw11,
834twx3oaxpbw11,
835twx3stfp3w11,
83f1hx3stfp7w11,
83g1hx3stfpbw11,
83s1hx3chipbw11,
844twx3batpbw11,
845twx3stfp1w11,
84f1hx3stfp5w11,
84h1hx3stfp8w11,
84s1hx3stfmzw11,
85h1hx3pospbw11,
85v1hx3stfpbw11,
86f1hx3stfp2w11,
86g1hx3stfpbw11,
86h1hx3stfp3w11,
86s1hx3pospbw11,
87f1hx3pospbw11,
87g1hx3pospbw11,
87v1hx3pospbw11,
88d1hx3stfp2w11,
88g1hx3pospbw11,
88h1hx3stfp8w11,
89f1hx3stfp2w11,
89h1hx3pospbw11,
89v1hx3stfp4w11,
89w1hx3pospbw11,
8bg1hx3stfp3w11,
8bx1hx3stfp1w11,
8cg1hx3bcnw11,
8dh1hx3stfp1w11,
8fc1hx3stfp6w11,
8fh1hx3stfp3w11,
8hc1hx3stfp8w11,
8jf1hx3stfp3w11,
8jh1hx3stfp9w11,
8kd1hx3stfp1w11,
8kh1hx3stfp2w11,
8l3twx3sonpbw11,
8lc1hx3stfp9w11,
8ld1hx3stfp9w11,
8lg1hx3pospbw11,
8lvlwx3stfp8w11,
8m3twx3soapbw11,
8mc1hx3stfp1w11,
8mf1hx3stfp6w11,
8nf1hx3stfpbw11,
8nt1hx3pospbw11,
8nvlwx3puepbw11,
8pf1hx3stfp4w11,
8ph1hx3stfp8w11,
8ps1hx3pospbw11,
8pvlwx3sdcpbw11,
8qd1hx3stfp6w11,
8qf1hx3posp10w11,
8qg1hx3pospbw11,
8qh1hx3stfp3w11,
8qv1hx3pospbw11,
8r4twx3cenpbw11,
8rf1hx3stfp4w11,
8rh1hx3stfp9w11,
8rv1hx3stfp5w11,
8rw1hx3stfp5w11,
8rylwx3jalpbw11,
8s4twx3cenpbw11,
8sf1hx3stfpbw11,
8sylwx3sdcpbw11,
8t4twx3jalpbw11,
8tc1hx3stfp4w11,
8tylwx3batpbw11,
8v4twx3stfp1w11,
8vc1hx3stfp5w11,
8vs1hx3pospbw11,
8vt1hx3pospbw11,
8vw1hx3pospbw11,
8wf1hx3pospbw11,
8xd1hx3stfp5w11,
8xf1hx3stfp6w11,
8yc1hx3stfp3w11,
8yd1hx3stfpbw11,
8yf1hx3pospbw11,
8zc1hx3stfp9w11,
8zd1hx3stfp9w11,
8zf1hx3pospbw11,
90d1hx3stfp4w11,
90f1hx3stfp9w11,
90g1hx3stfp4w11,
91g1hx3stfp3w11,
91h1hx3stfp1w11,
924twx3oaxpbw11,
925twx3stfp4w11,
92d1hx3stfp4w11,
92f1hx3pospbw11,
92g1hx3stfp3w11,
92s1hx3pospbw11,
934twx3soapbw11,
935twx3oaxpbw11,
93g1hx3stfp2w11,
93s1hx3stfs1w11,
93v1hx3stfp1w11,
944twx3puepbw11,
945twx3stfpbw11,
94h1hx3stfp6w11,
94s1hx3pospbw11,
95h1hx3pospbw11,
95v1hx3stfpbw11,
96f1hx3micpbw11,
96g1hx3stfp2w11,
96h1hx3stfp3w11,
96s1hx3stfp1w11,
96v1hx3pospbw11,
97f1hx3stfp9w11,
97g1hx3pospbw11,
97v1hx3stfp4w11,
98d1hx3stfp3w11,
98h1hx3stfp1w11,
99d1hx3pospbw11,
99f1hx3stfp3w11,
99h1hx3pospbw11,
99v1hx3posp10w11,
9bd1hx3pospbw11,
9bg1hx3stfp3w11,
9bx1hx3pospbw11,
9cg1hx3stfp3w11,
9dh1hx3pospbw11,
9fc1hx3stfp9w11,
9fh1hx3stfp3w11,
9gc1hx3stfp5w11,
9gd1hx3stfp1w11,
9jf1hx3stfp5w11,
9kb1hx3stfpbw11,
9kc1hx3stfpbw11,
9kh1hx3pospbw11,
9l3twx3soapbw11,
9lc1hx3stfp8w11,
9ld1hx3stfp6w11,
9m3twx3micpbw11,
9md1hx3stfp9w11,
9mf1hx3stfp2w11,
9mvlwx3cenpbw11,
9nf1hx3stfp1w11,
9nt1hx3pospbw11,
9nvlwx3soapbw11,
9pf1hx3stfp2w11,
9ph1hx3pospbw11,
9ps1hx3stfpbw11,
9pvlwx3tabpbw11,
9qd1hx3pospbw11,
9qf1hx3stfp2w11,
9qg1hx3stfp9w11,
9qh1hx3stfp3w11,
9qv1hx3stfp2w11,
9r4twx3cenpbw11,
9rf1hx3stfpbw11,
9rh1hx3stfp2w11,
9rv1hx3stfp3w11,
9rw1hx3stfpbw11,
9rylwx3soapbw11,
9s4twx3cenpbw11,
9sf1hx3stfp3w11,
9sylwx3soapbw11,
9t4twx3gtopbw11,
9tc1hx3stfp4w11,
9tf1hx3agspbw11,
9tylwx3soapbw11,
9v4twx3stfp1w11,
9vc1hx3stfp4w11,
9vs1hx3pospbw11,
9vw1hx3pospbw11,
9wd1hx3stfp8w11,
9wf1hx3stfpbw11,
9xd1hx3stfp6w11,
9xf1hx3stfp5w11,
9yc1hx3stfp8w11,
9yf1hx3stfp9w11,
9zd1hx3stfp9w11,
9zf1hx3stfp9w11,
b0c1hx3stfp2w11,
b0f1hx3chspbw11,
b0g1hx3stfp3w11,
b1g1hx3stfpbw11,
b1h1hx3stfp9w11,
b24twx3tampbw11,
b25twx3stfpbw11,
b2d1hx3stfp1w11,
b2f1hx3micpbw11,
b2g1hx3stfs1w11,
b2s1hx3stfp1w11,
b34twx3nlepbw11,
b35twx3stfp1w11,
b3f1hx3stfp4w11,
b3s1hx3stfpbw11,
b44twx3oaxpbw11,
b45twx3yucpbw11,
b4f1hx3puepbw11,
b4h1hx3stfp1w11,
b4s1hx3pospbw11,
b5f1hx3stfp9w11,
b5h1hx3stfp8w11,
b5v1hx3stfs1w11,
b6f1hx3pospbw11,
b6g1hx3stfp2w11,
b6s1hx3pospbw11,
b6v1hx3bcspbw11,
b7f1hx3pospbw11,
b7g1hx3stfp5w11,
b7v1hx3stfp4w11,
b8d1hx3stfp4w11,
b8g1hx3pospbw11,
b8h1hx3stfp3w11,
b9d1hx3stfp9w11,
b9f1hx3stfp2w11,
b9h1hx3sinpbw11,
b9v1hx3pospbw11,
banspdcgcb02,
bbd1hx3stfp6w11,
bbg1hx3stfp2w11,
bbx1hx3pospbw11,
bcg1hx3stfs1w11,
bdc1hx3stfp3w11,
bdh1hx3stfp8w11,
bfc1hx3stfp7w11,
bfh1hx3stfp3w11,
bgc1hx3stfp4w11,
bgd1hx3stfpbw11,
bhc1hx3pospbw11,
bjf1hx3stfpbw11,
bjh1hx3stfs1w11,
bkc1hx3stfp8w11,
bkd1hx3stfp4w11,
bl3twx3soapbw11,
bld1hx3stfp9w11,
blvlwx3bcspbw11,
bm3twx3slppbw11,
bmd1hx3stfp5w11,
bmf1hx3stfp2w11,
bmvlwx3soapbw11,
bnf1hx3tampbw11,
bnodbatanapp-b,
bnodcashcs2-b,
bnodcasrvproce,
bnodcasrvweb,
bnodcfd-b,
bnodintpr-b,
bnodportalf-b,
bnodsicovi-b,
bnodsisminele-b,
bnodsisriealt-b,
bnodspei02-b,
bnodwebconta-b,
bnodyatla-b,
bnoqyatla-b,
bnosikosesb-b,
bnotcashcs2-b,
bnt1hx3pospbw11,
bnvlwx3batpbw11,
bodevcmd,
bpf1hx3stfp4w11,
bph1hx3stfp8w11,
bps1hx3stfp1w11,
bpvlwx3naypbw11,
bqf1hx3stfp3w11,
bqg1hx3pospbw11,
bqh1hx3stfmzw11,
br4twx3cenpbw11,
brf1hx3stfp2w11,
brh1hx3stfp9w11,
brv1hx3stfs1w11,
brw1hx3pospbw11,
brylwx3oaxpbw11,
bs4twx3stfp1w11,
bsf1hx3stfp3w11,
bsylwx3soapbw11,
btc1hx3stfp4w11,
btf1hx3pospbw11,
btg1hx3stfp8w11,
btylwx3soapbw11,
bv4twx3stfp9w11,
bvc1hx3stfp4w11,
bvf1hx3stfp4w11,
bvs1hx3pospbw11,
bvt1hx3stfp2w11,
bvw1hx3pospbw11,
bwc1hx3stfp4w11,
bwf1hx3pospbw11,
bxc1hx3qropbw11,
bxd1hx3stfp6w11,
bxf1hx3stfp3w11,
byc1hx3stfpbw11,
byf1hx3pospbw11,
bzd1hx3stfp5w11,
bzf1hx3pospbw11,
c0c1hx3stfp5w11,
c0d1hx3stfp8w11,
c0f1hx3stfp3w11,
c0g1hx3stfp1w11,
c1g1hx3stfp5w11,
c24twx3batpbw11,
c25twx3dgopbw11,
c2g1hx3stfp3w11,
c2s1hx3stfp6w11,
c34twx3zacpbw11,
c3f1hx3stfpbw11,
c3g1hx3stfpbw11,
c3s1hx3stfs1w11,
c44twx3soapbw11,
c4f1hx3stfp4w11,
c4h1hx3stfp8w11,
c4s1hx3pospbw11,
c5f1hx3stfp1w11,
c5h1hx3stfp5w11,
c5v1hx3pospbw11,
c6f1hx3pospbw11,
c6g1hx3stfp2w11,
c6s1hx3stfp1w11,
c6v1hx3stfp4w11,
c7f1hx3agspbw11,
c7v1hx3pospbw11,
c8c1hx3stfp5w11,
c8d1hx3stfp5w11,
c8g1hx3stfp5w11,
c8h1hx3stfs1w11,
c9h1hx3pospbw11,
c9v1hx3pospbw11,
cbg1hx3stfp2w11,
cbx1hx3stfp3w11,
cdh1hx3stfp1w11,
cfc1hx3stfpbw11,
cfh1hx3stfp3w11,
crylwx3soapbw11,
cgc1hx3stfpbw11,
cgd1hx3stfp1w11,
ck3twx3stfpbw11,
ckb1hx3stfp6w11,
ckc1hx3stfp6w11,
ckd1hx3stfp4w11,
ckh1hx3pospbw11,
cl3twx3stfs2w11,
cld1hx3stfp7w11,
clvlwx3stfp3w11,
cm3twx3soapbw11,
cmd1hx3stfp9w11,
cmf1hx3stfp3w11,
cmvlwx3soapbw11,
cnf1hx3stfp6w11,
cns1hx3pospbw11,
cnt1hx3stfp8w11,
cpd1hx3stfp8w11,
cpf1hx3stfp5w11,
cps1hx3stfp2w11,
cpvlwx3soapbw11,
cqd1hx3stfp6w11,
cqf1hx3stfs1w11,
cqh1hx3stfp2w11,
cqv1hx3pospbw11,
cqylwx3batpbw11,
crf1hx3sonpbw11,
crh1hx3stfp2w11,
crw1hx3stfpbw11,
cs4twx3tabpbw11,
csylwx3nlepbw11,
ct4twx3morpbw11,
ctc1hx3stfp5w11,
ctf1hx3stfpbw11,
ctg1hx3stfp2w11,
cv4twx3stfmzw11,
cvf1hx3stfpbw11,
cvg1hx3pospbw11,
cvs1hx3pospbw11,
cvt1hx3stfpbw11,
cvw1hx3pospbw11,
cwc1hx3stfp4w11,
cwd1hx3stfp9w11,
cwf1hx3stfpbw11,
cxc1hx3stfs2w11,
cxd1hx3stfpbw11,
cxf1hx3stfp3w11,
czc1hx3stfp2w11,
czf1hx3stfpbw11,
d0c1hx3stfp4w11,
d0f1hx3stfp5w11,
d0g1hx3stfp2w11,
d1g1hx3stfp5w11,
d24twx3soapbw11,
d25twx3stfmzw11,
d2d1hx3stfp4,
d2f1hx3pospbw11,
d2g1hx3stfp1w11,
d2h1hx3stfp6w11,
d34twx3stfp7w11,
d35twx3stfp1w11,
d3s1hx3pospbw11,
d4f1hx3stfpbw11,
d4s1hx3pospbw11,
d5f1hx3stfp5w11,
d5v1hx3stfs1w11,
d6g1hx3stfp3w11,
d6s1hx3stfp1w11,
d6v1hx3pospbw11,
d7f1hx3stfp1w11,
d7v1hx3pospbw11,
d8d1hx3stfp3w11,
d8g1hx3stfp3w11,
d8h1hx3stfp8w11,
d9h1hx3posp10w11,
d9v1hx3pospbw11,
dbd1hx3pospbw11,
dbg1hx3cenpbw11,
dbx1hx3pospbw11,
dcg1hx3stfp4w11,
ddc1hx3stfp4w11,
ddh1hx3stfp4w11,
dfc1hx3pospbw11,
dfh1hx3stfp3w11,
dgc1hx3stfpbw11,
dgd1hx3pospbw11,
dhc1hx3stfp7w11,
djf1hx3stfp2w11,
djh1hx3stfp9w11,
dk3twx3verpbw11,
dkb1hx3stfp5w11,
dkc1hx3stfp3w11,
dkd1hx3stfs1w11,
dkh1hx3pospbw11,
dl3twx3stfp3w11,
dlg1hx3stfp1w11,
dlvlwx3stfpbw11,
dm3twx3cenpbw11,
dmd1hx3stfp9w11,
dmf1hx3stfp1w11,
dmvlwx3stfp9w11,
dnc1hx3stfp5w11,
dnf1hx3qoopbw11,
dnt1hx3stfp8w11,
dnvlwx3soapbw11,
dph1hx3stfp1w11,
dps1hx3pospbw11,
dpvlwx3edmpbw11,
dqd1hx3stfp9w11,
dqf1hx3stfp9w11,
dqg1hx3stfp3w11,
dqh1hx3stfp2w11,
dqv1hx3stfp1w11,
dqylwx3cenpbw11,
dr4twx3sonpbw11,
drf1hx3stfp3w11,
drv1hx3stfp8w11,
drw1hx3posp10w11,
drylwx3slppbw11,
dsf1hx3posp10w11,
dt4twx3sdcpbw11,
dtc1hx3stfp2w11,
dtf1hx3stfp9w11,
dtg1hx3stfp5w11,
dtylwx3verpbw11,
dv4twx3morpbw11,
dvg1hx3stfp2w11,
dvs1hx3pospbw11,
dvt1hx3stfpbw11,
dvw1hx3pospbw11,
dwc1hx3stfpbw11,
dwf1hx3stfpbw11,
dxc1hx3stfp8w11,
dxf1hx3stfpbw11,
dyc1hx3pospbw11,
dyf1hx3stfpbw11,
dyr1hx3stfp4w11,
dzc1hx3stfp8w11,
dzd1hx3stfp6w11,
dzf1hx3stfp1w11,
f0c1hx3stfp5w11,
f0d1hx3stfp5w11,
f0f1hx3stfp6w11,
f1g1hx3stfp2w11,
f24twx3batpbw11,
f25twx3stfp1w11,
f2d1hx3stfp5w11,
f2f1hx3stfp6w11,
f2h1hx3stfp6w11,
f2s1hx3stfp2w11,
f34twx3almpbw11,
f35twx3yucpbw11,
f3f1hx3stfp9w11,
f3s1hx3oaxpbw11,
f44twx3stfp5w11,
f4f1hx3stfpbw11,
f4s1hx3stfmzw11,
f5f1hx3stfp6w11,
f5h1hx3stfp6w11,
f5v1hx3oaxpbw11,
f6f1hx3stfp2w11,
f6g1hx3stfp2w11,
f6s1hx3stfp4w11,
f6v1hx3stfp3w11,
f7d1hx3stfp5w11,
f7f1hx3stfp9w11,
f7v1hx3stfpbw11,
f8d1hx3stfp3w11,
f8g1hx3stfp3w11,
f8h1hx3stfp6w11,
f8w1hx3stfp1w11,
f9h1hx3pospbw11,
fbg1hx3stfp3w11,
fcg1hx3stfp1w11,
fdh1hx3stfp4w11,
ffc1hx3stfp9w11,
ffd1hx3stfpbw11,
ffh1hx3stfp2w11,
fgd1hx3stfp6w11,
fhc1hx3stfp4w11,
fjc1hx3stfp6w11,
fjh1hx3pospbw11,
fk3twx3jalpbw11,
fkb1hx3stfp5w11,
fkc1hx3stfp5w11,
fkd1hx3stfp5w11,
fl3twx3gtopbw11,
fld1hx3stfp6w11,
flg1hx3stfp1w11,
flvlwx3jalpbw11,
fm3twx3cdjpbw11,
fmd1hx3stfp3w11,
fmvlwx3cenpbw11,
fnc1hx3stfp9w11,
fns1hx3pospbw11,
fnt1hx3pospbw11,
fnvlwx3dgopbw11,
fnw1hx3stfp1w11,
fpd1hx3stfp8w11,
fpf1hx3stfp4w11,
fph1hx3stfp8w11,
fpvlwx3sdcpbw11,
fqd1hx3stfp1w11,
fqf1hx3stfp4w11,
fqg1hx3pospbw11,
fqh1hx3stfp2w11,
fqv1hx3stfp1w11,
fqylwx3sdcpbw11,
fr4twx3gropbw11,
frv1hx3stfp6w11,
frw1hx3stfpbw11,
frylwx3cenpbw11,
fsf1hx3stfp5w11,
fsylwx3sonpbw11,
ft4twx3colpbw11,
ftc1hx3stfp4w11,
ftf1hx3pospbw11,
ftg1hx3pospbw11,
ftylwx3batpbw11,
fv4twx3zacpbw11,
fvf1hx3stfpbw11,
fvg1hx3stfp8w11,
fvw1hx3pospbw11,
fwc1hx3stfp4w11,
fwf1hx3stfpbw11,
fxc1hx3stfp8w11,
fyc1hx3stfp8w11,
fyr1hx3pospbw11,
fzd1hx3stfp5w11,
fzf1hx3stfp6w11,
g0f1hx3stfp7w11,
g14twx3sinpbw11,
g1f1hx3stfp9w11,
g24twx3batpbw11,
g25twx3stfs2w11,
g2d1hx3stfp8w11,
g2f1hx3stfp8w11,
g2h1hx3stfp8w11,
g2s1hx3stfp8w11,
g2v1hx3stfp6w11,
g35twx3stfpbw11,
g3d1hx3stfp9w11,
g3s1hx3pospbw11,
g4f1hx3pospbw11,
g4s1hx3pospbw11,
g5f1hx3stfp9w11,
g5v1hx3stfp3w11,
g6v1hx3pospbw11,
g7d1hx3stfp6w11,
g7f1hx3stfp6w11,
g7v1hx3stfp1w11,
g8d1hx3stfp4w11,
g8g1hx3stfp6w11,
g8h1hx3stfp5w11,
g8w1hx3stfp3w11,
g9h1hx3pospbw11,
g9w1hx3pospbw11,
gbg1hx3stfp3w11,
gcg1hx3stfp1w11,
gdc1hx3stfp6w11,
gdh1hx3stfp2w11,
gfc1hx3stfp6w11,
gfd1hx3stfp7w11,
gfh1hx3stfp3w11,
ggc1hx3stfp2w11,
ggd1hx3stfp1w11,
ghc1hx3stfp6w11,
gjc1hx3pospbw11,
gjh1hx3stfp1w11,
gk3twx3soapbw11,
gkb1hx3stfp2w11,
gkc1hx3pospbw11,
gkd1hx3stfp4w11,
gkg1hx3stfp1w11,
glc1hx3stfpbw11,
gld1hx3stfp1w11,
glg1hx3stfp1w11,
glvlwx3sdcpbw11,
gm3twx3pospbw11,
gmd1hx3stfp8w11,
gmf1hx3stfp3w11,
gmvlwx3morpbw11,
gnc1hx3stfp9w11,
gns1hx3pospbw11,
gnt1hx3pospbw11,
gnvlwx3gropbw11,
gnw1hx3puepbw11,
gpd1hx3stfp8w11,
gpf1hx3stfp4w11,
gph1hx3stfp8w11,
gps1hx3chspbw11,
gpvlwx3dgopbw11,
gqf1hx3pospbw11,
gqh1hx3stfp3w11,
gqv1hx3stfp1w11,
gqylwx3edmpbw11,
grw1hx3stfp2w11,
grylwx3stfp9w11,
gs4twx3nlepbw11,
gsylwx3soapbw11,
gt4twx3slppbw11,
gtc1hx3stfp2w11,
gtf1hx3stfp8w11,
gtg1hx3stfp5w11,
gtylwx3stfpbw11,
gvc1hx3stfp8w11,
gvf1hx3stfp6w11,
gvg1hx3pospbw11,
gvt1hx3stfp1w11,
gvw1hx3pospbw11,
gwc1hx3stfpbw11,
gwf1hx3stfpbw11,
gxc1hx3stfpbw11,
gyc1hx3stfpbw11,
gyf1hx3slppbw11,
gyr1hx3pospbw11,
gzc1hx3stfp5w11,
gzd1hx3pospbw11,
gzf1hx3pospbw11,
h0f1hx3stfp7w11,
h0g1hx3stfp2w11,
h14twx3tampbw11,
h1f1hx3stfp9w11,
h25twx3stfp9w11,
h2f1hx3stfp8w11,
h2s1hx3pospbw11,
h2v1hx3stfp8w11,
h34twx3stfp5w11,
h35twx3stfp1w11,
h3f1hx3stfp3w11,
h3s1hx3stfp4w11,
h44twx3stfp5w11,
h4s1hx3stfp2w11,
h5f1hx3stfp6w11,
h6g1hx3pospbw11,
h6v1hx3stfp4w11,
h7d1hx3stfp3w11,
h7f1hx3stfp3w11,
h7v1hx3stfpbw11,
h8f1hx3stfp3w11,
h8g1hx3stfp6w11,
h8h1hx3pospbw11,
h8w1hx3stfp5w11,
h9w1hx3stfp2w11,
hbg1hx3stfp2w11,
hcg1hx3stfp1w11,
hdh1hx3stfp8w11,
hfd1hx3verpbw11,
hfh1hx3stfp2w11,
hgc1hx3pospbw11,
hgd1hx3stfp3w11,
hhc1hx3stfpbw11,
hjc1hx3stfp3w11,
hk3twx3puepbw11,
hkc1hx3stfp8w11,
hkd1hx3zacpbw11,
hkg1hx3stfp4w11,
hl3twx3cenpbw11,
hlc1hx3stfp1w11,
hld1hx3yucpbw11,
hlvlwx3bcnpbw11,
hm3twx3qoopbw11,
hmc1hx3stfp1w11,
hmf1hx3stfp5w11,
hmvlwx3chspbw11,
hnc1hx3stfp6w11,
hns1hx3pospbw11,
hnw1hx3stfs2w11,
hpd1hx3stfp1w11,
hpf1hx3stfp6w11,
hph1hx3stfp6w11,
hps1hx3pospbw11,
hqd1hx3jalpbw11,
hqf1hx3stfp8w11,
hqg1hx3stfmzw11,
hqh1hx3stfp4w11,
hqylwx3coapbw11,
hr4twx3slppbw11,
hrf1hx3stfp6w11,
hrv1hx3stfp1w11,
hrw1hx3pospbw11,
hrylwx3stfp3w11,
hrylwx3stfp5w11,
hs4twx3chspbw11,
hsylwx3pstf9w11,
ht4twx3agspbw11,
htc1hx3stfp4w11,
htg1hx3stfp5w11,
htylwx3stfp5w11,
hvc1hx3stfp5w11,
hvf1hx3pospbw11,
hvg1hx3stfp9w11,
hvt1hx3stfp8w11,
hvw1hx3pospbw11,
hvw1hx3pospbw11,
hwc1hx3stfp3w11,
hwf1hx3pospbw11,
hxc1hx3stfp1w11,
hxd1hx3stfp2w11,
hxf1hx3stfp9w11,
hyf1hx3stfpbw11,
hyr1hx3stfp4w11,
hzf1hx3pospbw11,
j0d1hx3stfp4w11,
j0f1hx3pospbw11,
j14twx3qropbw11,
j1f1hx3stfp9w11,
j24twx3soapbw11,
j25twx3stfp3w11,
j2d1hx3stfp5w11,
j2f1hx3stfp6w11,
j2g1hx3stfp3w11,
j2v1hx3stfp1w11,
j34twx3batpbw11,
j35twx3stfp1w11,
j3f1hx3puepbw11,
j3h1hx3stfp6w11,
j3s1hx3pospbw11,
j44twx3batpbw11,
j4f1hx3pospbw11,
j5f1hx3stfp9w11,
j5v1hx3pospbw11,
j6f1hx3pospbw11,
j6g1hx3stfp3w11,
j6v1hx3pospbw11,
j7f1hx3naypbw11,
j7v1hx3pospbw11,
j8f1hx3stfp3w11,
j8g1hx3stfp1w11,
j8h1hx3stfp8w11,
j8w1hx3stfp1w11,
jcg1hx3stfs2w11,
jdc1hx3pospbw11,
jdh1hx3pospbw11,
jfd1hx3stfpbw11,
jfh1hx3stfp3w11,
jgc1hx3stfpbw11,
jgd1hx3stfp3w11,
jk3twx3vstfbw11,
jkc1hx3stfpbw11,
jkd1hx3stfpbw11,
jkg1hx3stfp2w11,
jl3twx9stfp5w11,
jlc1hx3stfp6w11,
jld1hx3stfp9w11,
jlg1hx3stfp3w11,
jlvlwx3verpbw11,
jm3twx3naypbw11,
jmc1hx3stfp6w11,
jmd1hx3pospbw11,
jmf1hx3slppbw11,
jmvlwx3bcnpbw11,
jns1hx3stfp8w11,
jnt1hx3pospbw11,
jnvlwx3hgopbw11,
jnw1hx3stfp1w11,
jp4twx3puepbw11,
jpf1hx3stfp5w11,
jps1hx3pospbw11,
jq4twx3verpbw11,
jqf1hx3stfp8w11,
jqg1hx3stfpbw11,
jqh1hx3stfp3w11,
jqv1hx3stfp1w11,
jqylwx3jalpbw11,
jr4twx3jalpbw11,
jrv1hx3pospbw11,
jrylwx3stfpbw11,
js4twx3cenpbw11,
jsf1hx3pospbw11,
jsylwx3stfpbw11,
jt4twx3cenpbw11,
jtc1hx3stfp4w11,
jtf1hx3pospbw11,
jtg1hx3stfp5w11,
jtylwx3stfs3w11,
jvc1hx3stfp7w11,
jvf1hx3pospbw11,
jvg1hx3stfp9w11,
jvw1hx3pospbw11,
jwc1hx3stfpbw11,
jwd1hx3stfp6w11,
jwf1hx3pospbw11,
jxd1hx3stfp1w11,
jxf1hx3hgopbw11,
jyc1hx3stfp9w11,
jyd1hx3stfp6w11,
jyf1hx3zacpbw11,
jyr1hx3stfp5w11,
jzc1hx3stfp5w11,
jzd1hx3pospbw11,
jzf1hx3pospbw11,
ld01qascmq,
,
,
,
